customer_id,churn_probability,reason_1,reason_2,reason_3,segment_name,subscription_length_months,customer_satisfaction_score,daily_watch_time_hours,engagement_rate,subscription_plan,support_queries_logged,age,monthly_income_usd,promotional_offers_used,number_of_profiles_created,device_used_most_often_desktop,device_used_most_often_laptop,device_used_most_often_mobile,device_used_most_often_smart_tv,device_used_most_often_tablet,genre_preference_action,genre_preference_comedy,genre_preference_documentary,genre_preference_drama,genre_preference_romance,genre_preference_sci_fi,genre_preference_thriller,region_africa,region_asia,region_europe,region_north_america,region_south_america,payment_history_delayed,payment_history_on_time,churn_status
C00001,0.0618835468794183,High satisfaction score (10/10) decreased churn risk,Frequent support queries (10) increased churn risk,Many promotional offers used (5) decreased churn risk,Satisfied Loyal,12,10,4.85,4,1,10,33,6250,5,2,0,0,0,0,1,1,0,0,0,0,0,0,0,0,1,0,0,0,1,0
C00002,0.236429354122333,High satisfaction score (8/10) decreased churn risk,Frequent support queries (9) increased churn risk,High engagement rate (9/10) decreased churn risk,Satisfied Loyal,12,8,1.75,9,1,9,28,7018,1,5,0,1,0,0,0,0,0,0,0,0,0,1,0,0,1,0,0,0,1,0
C00003,0.2589611441742854,High engagement rate (9/10) decreased churn risk,Short subscription history (3 months) increased churn risk,Support queries logged (3) decreased churn risk,Low-Satisfaction At-Risk,3,4,2.75,9,3,3,18,1055,1,5,0,0,0,1,0,0,1,0,0,0,0,0,0,1,0,0,0,0,1,0
C00004,0.0879262187165371,High engagement rate (9/10) decreased churn risk,Many promotional offers used (5) decreased churn risk,High satisfaction score (7/10) decreased churn risk,Engaged but Payment-Fragile,3,7,3.0,9,3,5,32,6707,5,4,0,0,0,1,0,0,0,0,1,0,0,0,0,0,1,0,0,1,0,0
C00005,0.2813925353102348,Low satisfaction score (2/10) increased churn risk,Long subscription history (24 months) decreased churn risk,Few support queries (2) decreased churn risk,Low-Satisfaction At-Risk,24,2,1.37,5,2,2,59,1506,3,5,0,0,1,0,0,0,0,0,1,0,0,0,0,0,0,1,0,0,1,0
C00006,0.8504450591988891,High daily watch time (5.0 hours) decreased churn risk,Low engagement rate (3/10) increased churn risk,Many promotional offers used (4) decreased churn risk,High-Risk Disengaged,3,4,4.95,3,1,7,69,5581,4,3,0,0,0,0,1,0,0,0,0,1,0,0,1,0,0,0,0,1,0,1
C00007,0.8044555523764919,Low engagement rate (3/10) increased churn risk,Low daily watch time (0.7 hours) increased churn risk,Support queries logged (3) decreased churn risk,High-Risk Disengaged,12,4,0.71,3,2,3,25,2238,2,3,0,0,0,0,1,0,0,0,0,0,0,1,1,0,0,0,0,1,0,1
C00008,0.4333850327038627,Low engagement rate (2/10) increased churn risk,Many promotional offers used (5) decreased churn risk,On-Time payment history decreased churn risk,Satisfied Loyal,6,5,3.54,2,2,4,49,3630,5,3,0,1,0,0,0,0,0,0,0,1,0,0,0,0,0,0,1,0,1,0
C00009,0.5010434131057251,High satisfaction score (9/10) decreased churn risk,Low engagement rate (1/10) increased churn risk,Few promotional offers used (1) increased churn risk,Satisfied Loyal,6,9,3.79,1,1,6,27,4535,1,4,0,1,0,0,0,0,0,0,1,0,0,0,1,0,0,0,0,0,1,0
C00010,0.0654747983299568,Few support queries (0) decreased churn risk,Short subscription history (3 months) increased churn risk,On-Time payment history decreased churn risk,Satisfied Loyal,3,6,3.61,6,3,0,56,7395,2,1,0,1,0,0,0,1,0,0,0,0,0,0,0,0,0,1,0,0,1,1
C00011,0.1629896695263195,High satisfaction score (9/10) decreased churn risk,High engagement rate (9/10) decreased churn risk,Few promotional offers used (0) increased churn risk,Engaged but Payment-Fragile,1,9,2.88,9,1,3,27,1660,0,2,0,1,0,0,0,0,0,0,0,0,1,0,0,0,0,1,0,1,0,0
C00012,0.5432297701879897,Few promotional offers used (0) increased churn risk,Low daily watch time (0.8 hours) increased churn risk,High satisfaction score (7/10) decreased churn risk,Satisfied Loyal,6,7,0.78,6,1,3,44,9436,0,5,1,0,0,0,0,0,0,0,0,0,0,1,0,0,1,0,0,0,1,1
C00013,0.9792194122049304,High engagement rate (9/10) decreased churn risk,Few promotional offers used (0) increased churn risk,Frequent support queries (8) increased churn risk,Engaged but Payment-Fragile,3,3,1.17,9,3,8,70,4582,0,3,0,1,0,0,0,0,0,0,0,1,0,0,0,1,0,0,0,1,0,1
C00014,0.9743534726147796,Low satisfaction score (2/10) increased churn risk,Low engagement rate (3/10) increased churn risk,Short subscription history (1 months) increased churn risk,High-Risk Disengaged,1,2,2.7,3,2,5,62,3258,2,1,0,0,0,0,1,0,1,0,0,0,0,0,0,0,0,0,1,1,0,1
C00015,0.9436834311361518,Low satisfaction score (3/10) increased churn risk,Frequent support queries (7) increased churn risk,Delayed payment history increased churn risk,Engaged but Payment-Fragile,6,3,2.01,6,3,7,36,7283,2,1,0,0,0,1,0,0,0,0,0,1,0,0,0,1,0,0,0,1,0,1
C00016,0.487744689607248,Low satisfaction score (1/10) increased churn risk,High engagement rate (10/10) decreased churn risk,Low daily watch time (0.8 hours) increased churn risk,Low-Satisfaction At-Risk,3,1,0.77,10,3,5,27,4807,4,5,0,0,0,0,1,0,0,0,0,0,1,0,1,0,0,0,0,0,1,0
C00017,0.996952723200836,Frequent support queries (10) increased churn risk,Low satisfaction score (2/10) increased churn risk,Low engagement rate (2/10) increased churn risk,High-Risk Disengaged,6,2,0.78,2,1,10,43,9913,3,1,0,1,0,0,0,0,0,0,1,0,0,0,0,1,0,0,0,1,0,1
C00018,0.357509258440868,Low engagement rate (2/10) increased churn risk,Many promotional offers used (5) decreased churn risk,High daily watch time (4.8 hours) decreased churn risk,Low-Satisfaction At-Risk,3,3,4.82,2,2,3,60,7265,5,3,0,1,0,0,0,1,0,0,0,0,0,0,1,0,0,0,0,0,1,0
C00019,0.8974913585814758,High satisfaction score (9/10) decreased churn risk,Frequent support queries (9) increased churn risk,Few promotional offers used (0) increased churn risk,Engaged but Payment-Fragile,1,9,1.08,7,1,9,56,1229,0,4,0,0,0,1,0,0,0,0,0,0,1,0,0,1,0,0,0,1,0,1
C00020,0.6818823965876624,Low satisfaction score (2/10) increased churn risk,High engagement rate (9/10) decreased churn risk,High daily watch time (4.3 hours) decreased churn risk,Engaged but Payment-Fragile,6,2,4.27,9,1,6,48,6091,4,2,1,0,0,0,0,0,0,0,0,1,0,0,0,0,1,0,0,1,0,1
C00021,0.7391999623657851,Few promotional offers used (0) increased churn risk,High daily watch time (4.9 hours) decreased churn risk,Low engagement rate (3/10) increased churn risk,Low-Satisfaction At-Risk,6,3,4.91,3,3,3,70,5614,0,4,0,0,0,0,1,1,0,0,0,0,0,0,0,1,0,0,0,0,1,0
C00022,0.2895476041156838,Low satisfaction score (4/10) increased churn risk,On-Time payment history decreased churn risk,High daily watch time (3.6 hours) decreased churn risk,Low-Satisfaction At-Risk,12,4,3.56,6,1,6,44,8947,3,4,0,0,0,0,1,0,0,0,1,0,0,0,1,0,0,0,0,0,1,0
C00023,0.4948334711654543,Low engagement rate (1/10) increased churn risk,Long subscription history (24 months) decreased churn risk,Low daily watch time (0.8 hours) increased churn risk,Satisfied Loyal,24,7,0.81,1,3,7,67,6720,3,5,1,0,0,0,0,0,0,1,0,0,0,0,0,0,0,1,0,0,1,1
C00024,0.0188257533570509,Few support queries (0) decreased churn risk,Long subscription history (24 months) decreased churn risk,High engagement rate (8/10) decreased churn risk,Low-Satisfaction At-Risk,24,5,3.36,8,2,0,43,6368,1,5,0,0,0,0,1,0,0,0,0,0,1,0,0,1,0,0,0,0,1,0
C00025,0.9492678877525068,Low satisfaction score (2/10) increased churn risk,Few promotional offers used (0) increased churn risk,Delayed payment history increased churn risk,High-Risk Disengaged,6,2,3.11,5,3,4,55,7359,0,5,0,1,0,0,0,0,0,0,0,1,0,0,1,0,0,0,0,1,0,1
C00026,0.1913235541450344,High engagement rate (10/10) decreased churn risk,Many promotional offers used (5) decreased churn risk,Low daily watch time (0.8 hours) increased churn risk,Engaged but Payment-Fragile,1,6,0.77,10,1,5,64,3295,5,1,0,0,0,1,0,0,0,0,0,0,0,1,0,0,0,1,0,1,0,0
C00027,0.3411211798249515,High satisfaction score (9/10) decreased churn risk,Long subscription history (24 months) decreased churn risk,Frequent support queries (9) increased churn risk,High-Risk Disengaged,24,9,4.4,3,2,9,36,8345,2,1,1,0,0,0,0,0,0,0,1,0,0,0,0,0,1,0,0,1,0,0
C00028,0.0792348820240635,High engagement rate (10/10) decreased churn risk,Few support queries (0) decreased churn risk,Low satisfaction score (2/10) increased churn risk,Engaged but Payment-Fragile,3,2,2.11,10,2,0,23,8582,5,3,0,0,0,1,0,0,0,0,0,0,0,1,0,0,0,1,0,1,0,0
C00029,0.1137410295421985,High satisfaction score (10/10) decreased churn risk,High engagement rate (9/10) decreased churn risk,Low daily watch time (0.9 hours) increased churn risk,Engaged but Payment-Fragile,12,10,0.92,9,1,6,26,7472,2,1,0,1,0,0,0,0,0,0,1,0,0,0,1,0,0,0,0,1,0,0
C00030,0.9008061763440688,Frequent support queries (10) increased churn risk,High engagement rate (9/10) decreased churn risk,Few promotional offers used (0) increased churn risk,Engaged but Payment-Fragile,1,7,2.07,9,1,10,43,6153,0,5,0,1,0,0,0,0,0,0,1,0,0,0,0,1,0,0,0,1,0,1
C00031,0.7483751158441165,Low engagement rate (1/10) increased churn risk,High satisfaction score (8/10) decreased churn risk,Low daily watch time (1.4 hours) increased churn risk,Satisfied Loyal,12,8,1.41,1,3,7,20,6097,1,5,1,0,0,0,0,1,0,0,0,0,0,0,1,0,0,0,0,0,1,0
C00032,0.8580815380774269,Low engagement rate (2/10) increased churn risk,Frequent support queries (8) increased churn risk,Few promotional offers used (1) increased churn risk,High-Risk Disengaged,12,6,3.77,2,3,8,56,3059,1,2,0,0,0,0,1,0,0,0,0,0,1,0,1,0,0,0,0,1,0,1
C00033,0.3303913697505028,High satisfaction score (9/10) decreased churn risk,Frequent support queries (8) increased churn risk,Short subscription history (3 months) increased churn risk,Satisfied Loyal,3,9,3.48,6,3,8,25,9767,1,2,1,0,0,0,0,0,0,1,0,0,0,0,0,0,1,0,0,0,1,0
C00034,0.7945934347862467,Few promotional offers used (0) increased churn risk,High daily watch time (5.0 hours) decreased churn risk,Delayed payment history increased churn risk,Engaged but Payment-Fragile,12,4,4.97,6,3,6,70,2928,0,3,0,1,0,0,0,0,0,0,0,1,0,0,0,1,0,0,0,1,0,1
C00035,0.8428286791178976,High satisfaction score (10/10) decreased churn risk,Low engagement rate (1/10) increased churn risk,Few promotional offers used (0) increased churn risk,High-Risk Disengaged,3,10,1.68,1,2,3,37,7751,0,1,1,0,0,0,0,0,0,0,0,0,1,0,0,0,1,0,0,1,0,1
C00036,0.8298672707736736,Low satisfaction score (1/10) increased churn risk,Many promotional offers used (4) decreased churn risk,On-Time payment history decreased churn risk,Low-Satisfaction At-Risk,6,1,3.03,5,1,6,48,4277,4,5,1,0,0,0,0,0,0,0,0,0,1,0,0,0,0,0,1,0,1,0
C00037,0.9403660623742586,Low satisfaction score (2/10) increased churn risk,Frequent support queries (9) increased churn risk,Short subscription history (3 months) increased churn risk,Low-Satisfaction At-Risk,3,2,1.93,6,1,9,25,6098,1,4,0,0,1,0,0,0,0,0,0,0,0,1,0,0,0,1,0,0,1,1
C00038,0.9657789514594378,Low satisfaction score (1/10) increased churn risk,Many promotional offers used (5) decreased churn risk,Low engagement rate (3/10) increased churn risk,High-Risk Disengaged,6,1,1.61,3,1,6,69,6014,5,3,1,0,0,0,0,0,0,1,0,0,0,0,1,0,0,0,0,1,0,1
C00039,0.0131158434532625,High engagement rate (9/10) decreased churn risk,Many promotional offers used (5) decreased churn risk,High daily watch time (4.9 hours) decreased churn risk,Low-Satisfaction At-Risk,6,6,4.93,9,3,4,42,8933,5,2,0,1,0,0,0,0,0,0,0,1,0,0,1,0,0,0,0,0,1,0
C00040,0.1703727608383006,Few support queries (1) decreased churn risk,High daily watch time (5.0 hours) decreased churn risk,Short subscription history (1 months) increased churn risk,Satisfied Loyal,1,6,5.0,5,1,1,30,1645,1,2,0,0,1,0,0,0,0,0,1,0,0,0,0,0,0,0,1,0,1,0
C00041,0.895917374802008,Few support queries (1) decreased churn risk,Short subscription history (1 months) increased churn risk,Low daily watch time (1.0 hours) increased churn risk,High-Risk Disengaged,1,5,1.04,4,2,1,57,1689,1,5,0,0,0,0,1,0,0,0,0,1,0,0,0,0,0,1,0,1,0,1
C00042,0.0330684365567121,Long subscription history (24 months) decreased churn risk,High daily watch time (4.7 hours) decreased churn risk,High engagement rate (8/10) decreased churn risk,Engaged but Payment-Fragile,24,4,4.7,8,2,3,37,2406,4,5,0,0,0,0,1,0,0,0,1,0,0,0,0,1,0,0,0,1,0,0
C00043,0.2794723551806625,High engagement rate (10/10) decreased churn risk,Low satisfaction score (3/10) increased churn risk,Many promotional offers used (4) decreased churn risk,Engaged but Payment-Fragile,6,3,2.68,10,3,5,27,5419,4,2,0,1,0,0,0,0,1,0,0,0,0,0,0,0,0,0,1,1,0,0
C00044,0.5624760639952583,High engagement rate (9/10) decreased churn risk,Few promotional offers used (0) increased churn risk,Low satisfaction score (3/10) increased churn risk,Engaged but Payment-Fragile,12,3,2.6,9,3,3,53,3696,0,4,0,1,0,0,0,0,0,1,0,0,0,0,0,1,0,0,0,1,0,0
C00045,0.612442766253017,High satisfaction score (8/10) decreased churn risk,Frequent support queries (9) increased churn risk,Short subscription history (3 months) increased churn risk,Engaged but Payment-Fragile,3,8,3.01,6,3,9,34,3487,2,2,0,0,0,1,0,0,1,0,0,0,0,0,0,0,0,0,1,1,0,1
C00046,0.063532718712021,High satisfaction score (10/10) decreased churn risk,Frequent support queries (10) increased churn risk,High engagement rate (9/10) decreased churn risk,Satisfied Loyal,6,10,0.71,9,2,10,44,4510,5,1,0,1,0,0,0,0,0,0,0,0,0,1,0,0,0,0,1,0,1,0
C00047,0.8252623389930204,Frequent support queries (10) increased churn risk,Long subscription history (24 months) decreased churn risk,Few promotional offers used (0) increased churn risk,Low-Satisfaction At-Risk,24,4,3.5,3,3,10,56,6064,0,4,1,0,0,0,0,0,0,1,0,0,0,0,1,0,0,0,0,0,1,0
C00048,0.5634336098488028,Few support queries (0) decreased churn risk,Low engagement rate (2/10) increased churn risk,Low daily watch time (0.6 hours) increased churn risk,Satisfied Loyal,6,7,0.58,2,3,0,62,7178,1,3,0,0,0,1,0,0,0,0,1,0,0,0,0,1,0,0,0,0,1,0
C00049,0.9619538480632124,Low satisfaction score (1/10) increased churn risk,High engagement rate (9/10) decreased churn risk,Few promotional offers used (0) increased churn risk,Engaged but Payment-Fragile,3,1,1.48,9,1,6,34,9583,0,1,0,0,0,0,1,1,0,0,0,0,0,0,1,0,0,0,0,1,0,1
C00050,0.6587105288416406,Low satisfaction score (1/10) increased churn risk,Low engagement rate (2/10) increased churn risk,Long subscription history (24 months) decreased churn risk,Low-Satisfaction At-Risk,24,1,4.83,2,1,5,19,7295,1,5,0,0,0,0,1,0,0,0,1,0,0,0,1,0,0,0,0,0,1,0
C00051,0.5665507723095506,Few promotional offers used (0) increased churn risk,Support queries logged (3) decreased churn risk,Low engagement rate (4/10) increased churn risk,Low-Satisfaction At-Risk,6,5,3.85,4,3,3,63,6180,0,4,1,0,0,0,0,0,0,0,0,0,0,1,0,0,1,0,0,0,1,0
C00052,0.3555752718595596,Low engagement rate (2/10) increased churn risk,Long subscription history (24 months) decreased churn risk,Few promotional offers used (0) increased churn risk,Satisfied Loyal,24,6,2.95,2,2,2,68,8261,0,2,0,0,0,1,0,0,0,0,0,1,0,0,0,0,0,0,1,0,1,0
C00053,0.1079739466925162,Few support queries (0) decreased churn risk,High satisfaction score (8/10) decreased churn risk,Long subscription history (24 months) decreased churn risk,High-Risk Disengaged,24,8,1.23,3,1,0,56,5247,2,3,0,0,0,0,1,0,1,0,0,0,0,0,0,0,0,1,0,1,0,0
C00054,0.0673698349734753,Few support queries (0) decreased churn risk,High engagement rate (9/10) decreased churn risk,Many promotional offers used (5) decreased churn risk,Engaged but Payment-Fragile,1,5,3.14,9,1,0,29,7004,5,3,0,1,0,0,0,0,0,0,0,0,1,0,0,0,1,0,0,1,0,0
C00055,0.8849300553431962,Low daily watch time (1.4 hours) increased churn risk,Short subscription history (3 months) increased churn risk,Low engagement rate (4/10) increased churn risk,Low-Satisfaction At-Risk,3,5,1.36,4,2,5,20,4544,1,1,0,0,1,0,0,0,0,0,0,1,0,0,0,0,0,0,1,0,1,1
C00056,0.6996379290977415,High satisfaction score (9/10) decreased churn risk,Frequent support queries (10) increased churn risk,Short subscription history (1 months) increased churn risk,Satisfied Loyal,1,9,2.33,5,3,10,38,3267,1,1,1,0,0,0,0,1,0,0,0,0,0,0,1,0,0,0,0,0,1,1
C00057,0.0799781042144519,High satisfaction score (10/10) decreased churn risk,High engagement rate (9/10) decreased churn risk,Short subscription history (1 months) increased churn risk,Engaged but Payment-Fragile,1,10,3.17,9,2,6,58,8364,3,4,1,0,0,0,0,1,0,0,0,0,0,0,0,0,0,1,0,1,0,0
C00058,0.2699682078494367,Long subscription history (24 months) decreased churn risk,Support queries logged (3) decreased churn risk,Few promotional offers used (1) increased churn risk,Low-Satisfaction At-Risk,24,4,2.46,5,1,3,48,3936,1,5,0,0,0,1,0,0,0,1,0,0,0,0,0,1,0,0,0,0,1,1
C00059,0.7077133798017549,Frequent support queries (10) increased churn risk,Low satisfaction score (2/10) increased churn risk,Low engagement rate (2/10) increased churn risk,Low-Satisfaction At-Risk,24,2,3.95,2,3,10,64,8518,4,3,0,0,0,1,0,0,0,0,0,0,1,0,0,0,0,0,1,0,1,1
C00060,0.4612218634624813,Low engagement rate (1/10) increased churn risk,Long subscription history (24 months) decreased churn risk,Low satisfaction score (4/10) increased churn risk,Low-Satisfaction At-Risk,24,4,2.83,1,3,5,18,1893,3,1,0,0,1,0,0,0,0,0,0,1,0,0,0,0,0,1,0,0,1,0
C00061,0.369192720099263,Few support queries (2) decreased churn risk,Short subscription history (3 months) increased churn risk,Few promotional offers used (1) increased churn risk,Engaged but Payment-Fragile,3,6,3.36,7,3,2,41,2540,1,5,0,0,0,1,0,0,0,0,0,0,1,0,0,0,1,0,0,1,0,0
C00062,0.0947918736731991,Few support queries (0) decreased churn risk,Many promotional offers used (4) decreased churn risk,Short subscription history (3 months) increased churn risk,Low-Satisfaction At-Risk,3,5,2.26,6,3,0,56,6313,4,3,1,0,0,0,0,0,0,0,0,0,0,1,0,1,0,0,0,0,1,0
C00063,0.0648985926455293,High satisfaction score (8/10) decreased churn risk,Few promotional offers used (0) increased churn risk,High daily watch time (4.8 hours) decreased churn risk,Satisfied Loyal,6,8,4.83,8,2,4,44,1037,0,1,0,0,0,1,0,0,1,0,0,0,0,0,0,1,0,0,0,0,1,0
C00064,0.6925042487972327,Low engagement rate (1/10) increased churn risk,Many promotional offers used (5) decreased churn risk,Delayed payment history increased churn risk,High-Risk Disengaged,6,5,3.14,1,3,5,49,8562,5,5,0,0,0,1,0,0,0,0,0,0,1,0,0,0,0,0,1,1,0,0
C00065,0.3338018259188708,High engagement rate (10/10) decreased churn risk,Low satisfaction score (2/10) increased churn risk,Many promotional offers used (4) decreased churn risk,Low-Satisfaction At-Risk,6,2,1.93,10,2,5,27,7201,4,4,0,0,1,0,0,0,0,0,1,0,0,0,0,0,1,0,0,0,1,1
C00066,0.4039917493347109,High engagement rate (8/10) decreased churn risk,Short subscription history (1 months) increased churn risk,Support queries logged (3) decreased churn risk,Engaged but Payment-Fragile,1,5,2.28,8,3,3,70,7085,3,5,1,0,0,0,0,0,0,0,0,0,1,0,1,0,0,0,0,1,0,1
C00067,0.0173956269259244,Few support queries (0) decreased churn risk,Long subscription history (24 months) decreased churn risk,High engagement rate (8/10) decreased churn risk,Low-Satisfaction At-Risk,24,5,3.18,8,1,0,61,4698,2,5,0,0,1,0,0,1,0,0,0,0,0,0,0,1,0,0,0,0,1,0
C00068,0.5720878948807894,Low satisfaction score (1/10) increased churn risk,High daily watch time (4.3 hours) decreased churn risk,Support queries logged (3) decreased churn risk,Engaged but Payment-Fragile,12,1,4.32,6,3,3,37,3188,2,2,0,0,1,0,0,0,0,0,1,0,0,0,0,0,0,1,0,1,0,0
C00069,0.978233647018398,Low satisfaction score (1/10) increased churn risk,Few support queries (1) decreased churn risk,Low engagement rate (3/10) increased churn risk,High-Risk Disengaged,1,1,1.68,3,2,1,67,8818,1,5,0,1,0,0,0,0,0,1,0,0,0,0,0,1,0,0,0,1,0,1
C00070,0.1044647659992493,High satisfaction score (10/10) decreased churn risk,High engagement rate (10/10) decreased churn risk,Frequent support queries (9) increased churn risk,Satisfied Loyal,6,10,1.72,10,2,9,23,1533,2,5,1,0,0,0,0,0,1,0,0,0,0,0,0,0,0,0,1,0,1,0
C00071,0.2673651588755893,Low satisfaction score (1/10) increased churn risk,High engagement rate (9/10) decreased churn risk,Support queries logged (3) decreased churn risk,Low-Satisfaction At-Risk,12,1,2.74,9,1,3,49,649,3,2,0,0,0,0,1,0,0,0,1,0,0,0,1,0,0,0,0,0,1,0
C00072,0.0952570822484425,Low satisfaction score (2/10) increased churn risk,Long subscription history (24 months) decreased churn risk,Many promotional offers used (5) decreased churn risk,Low-Satisfaction At-Risk,24,2,3.12,3,2,3,31,9897,5,4,0,0,1,0,0,0,0,0,0,0,0,1,1,0,0,0,0,0,1,0
C00073,0.0221546535572522,High satisfaction score (10/10) decreased churn risk,Few support queries (2) decreased churn risk,Few promotional offers used (1) increased churn risk,Engaged but Payment-Fragile,12,10,2.68,7,3,2,26,7357,1,3,0,0,0,1,0,0,0,0,0,0,0,1,0,0,0,1,0,1,0,0
C00074,0.5001595590236386,Frequent support queries (10) increased churn risk,High daily watch time (4.6 hours) decreased churn risk,Delayed payment history increased churn risk,Engaged but Payment-Fragile,12,6,4.59,7,2,10,48,6488,2,2,0,0,1,0,0,1,0,0,0,0,0,0,0,0,0,0,1,1,0,0
C00075,0.9749696446740757,Low satisfaction score (2/10) increased churn risk,Few promotional offers used (0) increased churn risk,Frequent support queries (8) increased churn risk,Engaged but Payment-Fragile,6,2,1.97,7,1,8,57,2702,0,1,0,0,1,0,0,0,0,0,0,0,0,1,0,0,0,0,1,1,0,1
C00076,0.0163109712778661,High engagement rate (10/10) decreased churn risk,Few support queries (1) decreased churn risk,Short subscription history (1 months) increased churn risk,Low-Satisfaction At-Risk,1,6,4.03,10,2,1,41,3085,3,4,0,0,0,0,1,0,0,0,1,0,0,0,0,0,0,1,0,0,1,0
C00077,0.3146316569951081,High daily watch time (4.8 hours) decreased churn risk,High engagement rate (8/10) decreased churn risk,Delayed payment history increased churn risk,Engaged but Payment-Fragile,12,4,4.84,8,3,6,36,8691,2,3,1,0,0,0,0,1,0,0,0,0,0,0,0,0,0,0,1,1,0,0
C00078,0.5656959359203781,Frequent support queries (9) increased churn risk,Delayed payment history increased churn risk,Satisfaction score (6/10) decreased churn risk,High-Risk Disengaged,12,6,3.01,5,1,9,38,8645,3,3,0,1,0,0,0,0,0,0,0,0,0,1,0,0,0,1,0,1,0,1
C00079,0.833962955313833,Few support queries (1) decreased churn risk,Low engagement rate (3/10) increased churn risk,Low daily watch time (0.9 hours) increased churn risk,High-Risk Disengaged,6,6,0.87,3,3,1,44,2082,1,3,0,0,0,1,0,0,0,0,1,0,0,0,0,0,1,0,0,1,0,0
C00080,0.3791402740408897,Low satisfaction score (2/10) increased churn risk,High engagement rate (8/10) decreased churn risk,High daily watch time (4.4 hours) decreased churn risk,Engaged but Payment-Fragile,12,2,4.42,8,1,6,54,3866,4,1,0,1,0,0,0,1,0,0,0,0,0,0,0,0,0,1,0,1,0,0
C00081,0.8397848271462626,Frequent support queries (9) increased churn risk,Low satisfaction score (3/10) increased churn risk,Short subscription history (1 months) increased churn risk,Low-Satisfaction At-Risk,1,3,1.06,7,2,9,44,1717,4,4,0,0,0,1,0,1,0,0,0,0,0,0,0,0,0,1,0,0,1,1
C00082,0.0743669202450714,High satisfaction score (9/10) decreased churn risk,Long subscription history (24 months) decreased churn risk,Few promotional offers used (0) increased churn risk,Satisfied Loyal,24,9,2.82,6,3,7,35,3577,0,4,1,0,0,0,0,0,0,0,0,0,0,1,0,0,0,0,1,0,1,0
C00083,0.2824683113700994,Long subscription history (24 months) decreased churn risk,Low daily watch time (0.8 hours) increased churn risk,High engagement rate (8/10) decreased churn risk,Low-Satisfaction At-Risk,24,5,0.83,8,2,6,70,2676,2,3,0,1,0,0,0,1,0,0,0,0,0,0,0,0,1,0,0,0,1,0
C00084,0.5572236505187598,High satisfaction score (8/10) decreased churn risk,Few promotional offers used (0) increased churn risk,High engagement rate (8/10) decreased churn risk,Engaged but Payment-Fragile,6,8,1.68,8,1,5,19,3394,0,3,0,0,0,0,1,0,0,0,0,1,0,0,1,0,0,0,0,1,0,1
C00085,0.104615283746487,Few support queries (1) decreased churn risk,High daily watch time (5.0 hours) decreased churn risk,On-Time payment history decreased churn risk,Low-Satisfaction At-Risk,6,5,4.98,5,1,1,43,8991,3,1,0,0,1,0,0,0,0,0,0,1,0,0,0,0,0,0,1,0,1,0
C00086,0.0645136727908616,Many promotional offers used (5) decreased churn risk,High satisfaction score (7/10) decreased churn risk,High engagement rate (8/10) decreased churn risk,Satisfied Loyal,1,7,1.87,8,1,5,60,6731,5,1,0,0,1,0,0,0,0,0,0,0,0,1,1,0,0,0,0,0,1,0
C00087,0.8627616094716488,Low satisfaction score (2/10) increased churn risk,Few support queries (1) decreased churn risk,Low engagement rate (3/10) increased churn risk,High-Risk Disengaged,6,2,1.21,3,1,1,20,5244,4,1,0,0,0,1,0,1,0,0,0,0,0,0,0,1,0,0,0,1,0,1
C00088,0.6349493889242122,Few support queries (0) decreased churn risk,High engagement rate (9/10) decreased churn risk,Few promotional offers used (0) increased churn risk,Engaged but Payment-Fragile,3,3,1.0,9,1,0,21,7865,0,4,0,0,0,0,1,0,0,1,0,0,0,0,1,0,0,0,0,1,0,0
C00089,0.7517170929372745,Many promotional offers used (5) decreased churn risk,Frequent support queries (8) increased churn risk,Low daily watch time (1.0 hours) increased churn risk,Engaged but Payment-Fragile,1,5,0.96,7,2,8,31,6014,5,2,0,0,1,0,0,0,0,0,0,0,1,0,0,0,0,0,1,1,0,1
C00090,0.157609775472557,Long subscription history (24 months) decreased churn risk,Many promotional offers used (5) decreased churn risk,Low engagement rate (4/10) increased churn risk,High-Risk Disengaged,24,6,2.9,4,2,6,40,6615,5,1,0,1,0,0,0,1,0,0,0,0,0,0,0,0,0,0,1,1,0,0
C00091,0.3206399593404698,High satisfaction score (9/10) decreased churn risk,Low engagement rate (1/10) increased churn risk,Many promotional offers used (5) decreased churn risk,Satisfied Loyal,6,9,1.84,1,2,7,47,3897,5,5,1,0,0,0,0,0,0,0,0,0,0,1,1,0,0,0,0,0,1,0
C00092,0.1731295446155477,Low satisfaction score (2/10) increased churn risk,High engagement rate (9/10) decreased churn risk,High daily watch time (4.6 hours) decreased churn risk,Engaged but Payment-Fragile,12,2,4.57,9,1,5,36,8823,4,2,0,1,0,0,0,0,0,0,0,0,0,1,0,0,0,0,1,1,0,0
C00093,0.0525180086016294,High satisfaction score (9/10) decreased churn risk,Many promotional offers used (5) decreased churn risk,High engagement rate (8/10) decreased churn risk,Engaged but Payment-Fragile,6,9,1.52,8,3,6,18,6381,5,5,0,0,0,1,0,0,0,1,0,0,0,0,0,0,0,1,0,1,0,0
C00094,0.0241849201070973,Long subscription history (24 months) decreased churn risk,Few support queries (1) decreased churn risk,High engagement rate (7/10) decreased churn risk,Low-Satisfaction At-Risk,24,5,3.25,7,2,1,55,1487,2,5,0,0,0,0,1,0,0,0,1,0,0,0,1,0,0,0,0,0,1,0
C00095,0.2976623546982559,High satisfaction score (7/10) decreased churn risk,Low engagement rate (4/10) increased churn risk,Few promotional offers used (1) increased churn risk,Satisfied Loyal,6,7,3.75,4,3,4,20,7816,1,2,0,1,0,0,0,0,0,0,1,0,0,0,0,1,0,0,0,0,1,0
C00096,0.916076504211651,Low satisfaction score (2/10) increased churn risk,Low engagement rate (2/10) increased churn risk,Few support queries (2) decreased churn risk,High-Risk Disengaged,6,2,1.15,2,1,2,49,8135,4,1,0,0,1,0,0,0,0,0,1,0,0,0,0,0,0,1,0,1,0,0
C00097,0.2264350642872745,Low satisfaction score (2/10) increased churn risk,Long subscription history (24 months) decreased churn risk,Many promotional offers used (4) decreased churn risk,Low-Satisfaction At-Risk,24,2,3.67,7,1,7,33,4332,4,2,1,0,0,0,0,0,0,1,0,0,0,0,0,1,0,0,0,0,1,0
C00098,0.9652311198052964,Low satisfaction score (1/10) increased churn risk,Low engagement rate (3/10) increased churn risk,Short subscription history (1 months) increased churn risk,Low-Satisfaction At-Risk,1,1,3.04,3,2,7,32,9414,3,1,1,0,0,0,0,1,0,0,0,0,0,0,0,1,0,0,0,0,1,1
C00099,0.1702811406135314,Low satisfaction score (1/10) increased churn risk,Few support queries (1) decreased churn risk,High engagement rate (8/10) decreased churn risk,Low-Satisfaction At-Risk,12,1,3.72,8,3,1,48,8800,3,4,0,1,0,0,0,0,0,0,0,1,0,0,0,0,0,0,1,0,1,0
C00100,0.8452506398914623,Low engagement rate (1/10) increased churn risk,High satisfaction score (8/10) decreased churn risk,Frequent support queries (9) increased churn risk,Satisfied Loyal,6,8,3.12,1,2,9,54,899,0,1,0,0,0,0,1,0,0,0,0,0,0,1,1,0,0,0,0,0,1,0
C00101,0.658655874063647,Low satisfaction score (3/10) increased churn risk,Short subscription history (1 months) increased churn risk,High engagement rate (7/10) decreased churn risk,Low-Satisfaction At-Risk,1,3,2.02,7,1,4,38,8587,3,2,0,1,0,0,0,1,0,0,0,0,0,0,0,0,1,0,0,0,1,1
C00102,0.3049166146796738,Low engagement rate (1/10) increased churn risk,High satisfaction score (8/10) decreased churn risk,Long subscription history (24 months) decreased churn risk,Satisfied Loyal,24,8,1.66,1,2,2,49,4434,0,1,0,0,0,1,0,0,0,1,0,0,0,0,0,0,1,0,0,0,1,0
C00103,0.0675517611471297,High engagement rate (10/10) decreased churn risk,High satisfaction score (8/10) decreased churn risk,Few promotional offers used (0) increased churn risk,Engaged but Payment-Fragile,3,8,3.56,10,3,2,37,9734,0,1,0,0,0,0,1,0,0,0,0,0,0,1,0,0,1,0,0,1,0,0
C00104,0.668178280540327,High satisfaction score (10/10) decreased churn risk,Few promotional offers used (0) increased churn risk,Frequent support queries (8) increased churn risk,High-Risk Disengaged,12,10,2.16,4,2,8,68,8804,0,4,0,0,1,0,0,0,0,0,0,0,1,0,0,0,0,0,1,1,0,1
C00105,0.5225644075135216,Frequent support queries (9) increased churn risk,Few promotional offers used (0) increased churn risk,High satisfaction score (7/10) decreased churn risk,Satisfied Loyal,1,7,4.3,7,2,9,33,1549,0,2,0,1,0,0,0,0,0,0,0,0,0,1,0,1,0,0,0,0,1,0
C00106,0.8751740902957386,Low engagement rate (2/10) increased churn risk,Many promotional offers used (4) decreased churn risk,Short subscription history (3 months) increased churn risk,High-Risk Disengaged,3,6,1.48,2,3,6,52,2472,4,4,0,0,0,0,1,0,0,1,0,0,0,0,0,1,0,0,0,1,0,1
C00107,0.6878829633839983,Short subscription history (3 months) increased churn risk,Frequent support queries (7) increased churn risk,Delayed payment history increased churn risk,High-Risk Disengaged,3,5,3.13,5,2,7,27,8359,3,3,0,0,0,1,0,0,0,0,0,0,0,1,0,0,0,0,1,1,0,0
C00108,0.5378036787104519,Low satisfaction score (2/10) increased churn risk,High engagement rate (9/10) decreased churn risk,High daily watch time (4.4 hours) decreased churn risk,Low-Satisfaction At-Risk,6,2,4.37,9,2,6,21,778,1,2,0,1,0,0,0,0,0,0,0,1,0,0,0,0,0,1,0,0,1,0
C00109,0.045345526282093,Long subscription history (24 months) decreased churn risk,Low daily watch time (1.3 hours) increased churn risk,Many promotional offers used (4) decreased churn risk,Satisfied Loyal,24,6,1.29,6,3,3,47,1102,4,1,0,1,0,0,0,0,0,0,1,0,0,0,0,0,0,0,1,0,1,0
C00110,0.950095195497845,Low satisfaction score (2/10) increased churn risk,Low engagement rate (2/10) increased churn risk,Short subscription history (3 months) increased churn risk,Low-Satisfaction At-Risk,3,2,2.71,2,2,5,52,3665,2,1,1,0,0,0,0,1,0,0,0,0,0,0,1,0,0,0,0,0,1,1
C00111,0.2858377828408841,Frequent support queries (10) increased churn risk,Long subscription history (24 months) decreased churn risk,High engagement rate (9/10) decreased churn risk,Low-Satisfaction At-Risk,24,3,0.73,9,3,10,24,5934,4,5,0,0,0,1,0,0,0,0,1,0,0,0,0,0,0,1,0,0,1,0
C00112,0.0915406156215857,High satisfaction score (8/10) decreased churn risk,High engagement rate (8/10) decreased churn risk,Short subscription history (3 months) increased churn risk,Satisfied Loyal,3,8,3.77,8,3,5,42,5603,1,2,0,0,0,1,0,0,0,1,0,0,0,0,0,1,0,0,0,0,1,0
C00113,0.9977908458535364,Low satisfaction score (1/10) increased churn risk,Low engagement rate (1/10) increased churn risk,Frequent support queries (10) increased churn risk,High-Risk Disengaged,1,1,3.61,1,2,10,30,9852,1,1,0,0,0,0,1,0,0,0,0,0,1,0,0,0,0,0,1,1,0,1
C00114,0.4856382088505508,High satisfaction score (8/10) decreased churn risk,Low engagement rate (3/10) increased churn risk,Many promotional offers used (4) decreased churn risk,High-Risk Disengaged,3,8,3.27,3,3,7,47,1396,4,5,0,0,1,0,0,0,0,0,0,0,1,0,1,0,0,0,0,1,0,0
C00115,0.7665412525197876,Low satisfaction score (1/10) increased churn risk,Many promotional offers used (5) decreased churn risk,Low engagement rate (4/10) increased churn risk,High-Risk Disengaged,12,1,4.06,4,2,6,28,2274,5,2,1,0,0,0,0,0,0,1,0,0,0,0,0,0,0,0,1,1,0,0
C00116,0.908316627177908,Frequent support queries (10) increased churn risk,High satisfaction score (7/10) decreased churn risk,Short subscription history (1 months) increased churn risk,Satisfied Loyal,1,7,1.48,4,2,10,55,6990,2,5,1,0,0,0,0,0,0,0,1,0,0,0,1,0,0,0,0,0,1,1
C00117,0.1198443168008059,High satisfaction score (9/10) decreased churn risk,High engagement rate (9/10) decreased churn risk,Frequent support queries (8) increased churn risk,Satisfied Loyal,1,9,2.82,9,2,8,61,3728,3,3,0,1,0,0,0,0,0,0,1,0,0,0,0,0,0,0,1,0,1,0
C00118,0.5851020718273524,Frequent support queries (9) increased churn risk,High engagement rate (9/10) decreased churn risk,Low satisfaction score (3/10) increased churn risk,Low-Satisfaction At-Risk,1,3,3.92,9,2,9,31,4954,3,5,0,0,0,0,1,0,0,0,0,1,0,0,0,0,0,1,0,0,1,1
C00119,0.0538046624306105,Few support queries (2) decreased churn risk,High engagement rate (7/10) decreased churn risk,Low satisfaction score (4/10) increased churn risk,Low-Satisfaction At-Risk,12,4,2.66,7,3,2,29,4886,3,4,0,0,1,0,0,0,0,0,0,0,0,1,0,0,0,1,0,0,1,1
C00120,0.2786975715120887,Few support queries (2) decreased churn risk,Low satisfaction score (4/10) increased churn risk,On-Time payment history decreased churn risk,Low-Satisfaction At-Risk,6,4,2.58,6,1,2,54,9951,3,4,0,1,0,0,0,1,0,0,0,0,0,0,0,0,0,0,1,0,1,0
C00121,0.1871928777864087,Low satisfaction score (3/10) increased churn risk,High engagement rate (8/10) decreased churn risk,Many promotional offers used (4) decreased churn risk,Engaged but Payment-Fragile,6,3,3.86,8,2,3,36,8857,4,2,0,0,0,0,1,0,0,0,0,0,1,0,0,0,0,1,0,1,0,1
C00122,0.1705150981301216,High satisfaction score (8/10) decreased churn risk,Few promotional offers used (1) increased churn risk,On-Time payment history decreased churn risk,Satisfied Loyal,12,8,3.33,6,2,4,66,8145,1,5,0,0,0,0,1,0,0,0,0,1,0,0,0,0,1,0,0,0,1,1
C00123,0.7404343885460913,Frequent support queries (9) increased churn risk,High engagement rate (8/10) decreased churn risk,Few promotional offers used (1) increased churn risk,Engaged but Payment-Fragile,6,5,3.48,8,2,9,70,9654,1,2,0,0,0,0,1,0,1,0,0,0,0,0,0,0,0,1,0,1,0,1
C00124,0.0568426119483329,Long subscription history (24 months) decreased churn risk,Few support queries (2) decreased churn risk,Daily watch time (1.6 hours) increased churn risk,Low-Satisfaction At-Risk,24,5,1.55,6,3,2,31,2896,3,5,1,0,0,0,0,0,0,0,0,0,1,0,1,0,0,0,0,0,1,0
C00125,0.9955549247535268,Low satisfaction score (2/10) increased churn risk,Frequent support queries (9) increased churn risk,Low daily watch time (0.9 hours) increased churn risk,High-Risk Disengaged,3,2,0.92,5,1,9,52,8463,1,3,1,0,0,0,0,0,0,1,0,0,0,0,0,0,0,0,1,1,0,1
C00126,0.8284235828253177,Low engagement rate (2/10) increased churn risk,Short subscription history (1 months) increased churn risk,Delayed payment history increased churn risk,High-Risk Disengaged,1,5,3.04,2,1,5,27,6089,3,2,0,1,0,0,0,0,0,0,0,0,0,1,1,0,0,0,0,1,0,1
C00127,0.0158467657545817,Long subscription history (24 months) decreased churn risk,High engagement rate (9/10) decreased churn risk,Many promotional offers used (4) decreased churn risk,Low-Satisfaction At-Risk,24,5,3.8,9,3,7,26,4761,4,2,0,0,0,1,0,1,0,0,0,0,0,0,1,0,0,0,0,0,1,0
C00128,0.0771410132045498,High satisfaction score (8/10) decreased churn risk,Long subscription history (24 months) decreased churn risk,Many promotional offers used (5) decreased churn risk,Engaged but Payment-Fragile,24,8,1.73,6,2,7,58,3597,5,5,0,1,0,0,0,1,0,0,0,0,0,0,1,0,0,0,0,1,0,0
C00129,0.3746915011121525,Long subscription history (24 months) decreased churn risk,Many promotional offers used (5) decreased churn risk,Low satisfaction score (3/10) increased churn risk,High-Risk Disengaged,24,3,3.59,4,1,5,67,7761,5,4,0,1,0,0,0,0,0,0,1,0,0,0,0,1,0,0,0,1,0,1
C00130,0.4060133047556533,High engagement rate (7/10) decreased churn risk,Low satisfaction score (4/10) increased churn risk,On-Time payment history decreased churn risk,Low-Satisfaction At-Risk,6,4,2.71,7,3,4,49,6118,2,2,1,0,0,0,0,0,0,0,0,0,1,0,0,0,0,0,1,0,1,1
C00131,0.7644104651865146,Low satisfaction score (1/10) increased churn risk,Short subscription history (1 months) increased churn risk,Many promotional offers used (4) decreased churn risk,High-Risk Disengaged,1,1,2.46,5,3,3,21,2380,4,2,0,0,1,0,0,0,0,0,0,0,0,1,1,0,0,0,0,1,0,0
C00132,0.4512290404596356,Few support queries (0) decreased churn risk,High engagement rate (9/10) decreased churn risk,Few promotional offers used (0) increased churn risk,Engaged but Payment-Fragile,3,4,3.73,9,2,0,59,3509,0,5,0,0,0,0,1,0,0,0,0,1,0,0,0,1,0,0,0,1,0,0
C00133,0.4843857968819352,Low satisfaction score (1/10) increased churn risk,High engagement rate (9/10) decreased churn risk,Low daily watch time (1.1 hours) increased churn risk,Low-Satisfaction At-Risk,12,1,1.1,9,2,3,54,3271,2,4,0,0,0,1,0,0,0,0,1,0,0,0,0,0,0,1,0,0,1,0
C00134,0.4643770591438798,Low engagement rate (3/10) increased churn risk,Short subscription history (1 months) increased churn risk,On-Time payment history decreased churn risk,Satisfied Loyal,1,6,3.66,3,3,4,57,6940,2,4,0,1,0,0,0,1,0,0,0,0,0,0,1,0,0,0,0,0,1,0
C00135,0.0101000468750792,High satisfaction score (10/10) decreased churn risk,High daily watch time (4.4 hours) decreased churn risk,Many promotional offers used (4) decreased churn risk,Engaged but Payment-Fragile,12,10,4.41,7,3,4,29,4775,4,5,0,0,0,0,1,0,0,1,0,0,0,0,0,1,0,0,0,1,0,0
C00136,0.6639989062169971,High satisfaction score (8/10) decreased churn risk,Frequent support queries (9) increased churn risk,Short subscription history (3 months) increased churn risk,Satisfied Loyal,3,8,1.65,4,1,9,34,7400,3,1,0,0,1,0,0,0,0,0,0,0,1,0,0,0,0,0,1,0,1,1
C00137,0.2093055997162069,High satisfaction score (10/10) decreased churn risk,Low daily watch time (0.7 hours) increased churn risk,High engagement rate (8/10) decreased churn risk,Engaged but Payment-Fragile,12,10,0.7,8,2,6,40,2956,1,2,0,0,1,0,0,0,0,0,0,0,1,0,1,0,0,0,0,1,0,0
C00138,0.9669648834627732,Frequent support queries (9) increased churn risk,Low satisfaction score (3/10) increased churn risk,Low daily watch time (1.3 hours) increased churn risk,Engaged but Payment-Fragile,6,3,1.26,6,1,9,67,9331,3,1,0,0,0,0,1,1,0,0,0,0,0,0,0,1,0,0,0,1,0,1
C00139,0.6030492784960043,Low satisfaction score (2/10) increased churn risk,Few support queries (2) decreased churn risk,High engagement rate (8/10) decreased churn risk,Low-Satisfaction At-Risk,3,2,0.98,8,1,2,59,5318,3,2,0,1,0,0,0,0,0,0,1,0,0,0,0,0,0,0,1,0,1,0
C00140,0.2626423842881114,High engagement rate (10/10) decreased churn risk,Few promotional offers used (0) increased churn risk,Delayed payment history increased churn risk,Engaged but Payment-Fragile,12,6,2.91,10,3,6,58,6894,0,5,0,0,0,1,0,0,0,0,0,0,0,1,0,1,0,0,0,1,0,0
C00141,0.7280689894981967,Low engagement rate (1/10) increased churn risk,Low satisfaction score (2/10) increased churn risk,Few support queries (2) decreased churn risk,Low-Satisfaction At-Risk,6,2,3.65,1,1,2,20,1430,3,1,0,0,0,0,1,0,0,0,0,0,1,0,1,0,0,0,0,0,1,0
C00142,0.8294343628250467,Low engagement rate (1/10) increased churn risk,Short subscription history (1 months) increased churn risk,Low daily watch time (1.5 hours) increased churn risk,Satisfied Loyal,1,6,1.46,1,3,4,67,7170,2,1,0,0,0,0,1,0,0,0,0,0,1,0,1,0,0,0,0,0,1,1
C00143,0.3056372619903876,High satisfaction score (9/10) decreased churn risk,Support queries logged (3) decreased churn risk,Low engagement rate (4/10) increased churn risk,High-Risk Disengaged,12,9,1.85,4,1,3,38,3265,1,3,0,0,0,1,0,0,0,0,0,0,0,1,0,1,0,0,0,1,0,0
C00144,0.0221202657161057,High satisfaction score (10/10) decreased churn risk,High engagement rate (10/10) decreased churn risk,Long subscription history (24 months) decreased churn risk,Engaged but Payment-Fragile,24,10,2.8,10,1,5,60,5854,1,1,0,0,0,0,1,0,0,0,1,0,0,0,0,1,0,0,0,1,0,0
C00145,0.2563845784565658,Low engagement rate (2/10) increased churn risk,High satisfaction score (7/10) decreased churn risk,Support queries logged (3) decreased churn risk,Satisfied Loyal,12,7,3.27,2,3,3,53,3724,1,3,0,1,0,0,0,0,0,0,0,0,0,1,0,0,0,0,1,0,1,0
C00146,0.547231558162992,High satisfaction score (10/10) decreased churn risk,Frequent support queries (10) increased churn risk,Low engagement rate (2/10) increased churn risk,High-Risk Disengaged,6,10,3.36,2,1,10,34,5939,5,1,0,0,1,0,0,1,0,0,0,0,0,0,0,0,1,0,0,1,0,0
C00147,0.2764441228967491,High satisfaction score (9/10) decreased churn risk,Long subscription history (24 months) decreased churn risk,Low daily watch time (0.7 hours) increased churn risk,High-Risk Disengaged,24,9,0.65,5,3,7,65,5687,2,2,0,0,1,0,0,0,0,0,1,0,0,0,0,0,0,1,0,1,0,1
C00148,0.9900301004993264,Low engagement rate (1/10) increased churn risk,Low satisfaction score (3/10) increased churn risk,Few promotional offers used (1) increased churn risk,High-Risk Disengaged,6,3,1.85,1,2,6,21,8330,1,2,0,1,0,0,0,0,0,0,0,1,0,0,0,0,0,1,0,1,0,1
C00149,0.4094774542432817,Frequent support queries (9) increased churn risk,Short subscription history (1 months) increased churn risk,Many promotional offers used (4) decreased churn risk,Low-Satisfaction At-Risk,1,4,3.95,7,3,9,57,5845,4,4,0,0,0,1,0,0,0,1,0,0,0,0,0,0,0,1,0,0,1,1
C00150,0.0638167040186536,High satisfaction score (10/10) decreased churn risk,Few promotional offers used (0) increased churn risk,High daily watch time (4.6 hours) decreased churn risk,Satisfied Loyal,3,10,4.57,6,2,4,23,5480,0,2,0,0,1,0,0,1,0,0,0,0,0,0,0,0,0,0,1,0,1,0
C00151,0.9499168445120628,Low satisfaction score (2/10) increased churn risk,Few promotional offers used (0) increased churn risk,Low daily watch time (1.2 hours) increased churn risk,Engaged but Payment-Fragile,12,2,1.22,6,2,6,21,2719,0,5,0,0,1,0,0,0,0,1,0,0,0,0,1,0,0,0,0,1,0,1
C00152,0.1010596488338218,Long subscription history (24 months) decreased churn risk,Few support queries (1) decreased churn risk,High daily watch time (4.9 hours) decreased churn risk,Engaged but Payment-Fragile,24,3,4.93,6,1,1,49,2069,3,4,0,1,0,0,0,0,0,0,0,0,1,0,0,0,1,0,0,1,0,0
C00153,0.0602584518850874,High satisfaction score (9/10) decreased churn risk,Frequent support queries (9) increased churn risk,High engagement rate (9/10) decreased churn risk,Satisfied Loyal,1,9,4.67,9,3,9,18,3192,1,4,0,0,0,1,0,0,0,0,0,0,0,1,1,0,0,0,0,0,1,0
C00154,0.0089219191586445,High satisfaction score (10/10) decreased churn risk,Few support queries (1) decreased churn risk,Many promotional offers used (5) decreased churn risk,Satisfied Loyal,1,10,1.56,8,2,1,54,5121,5,3,0,0,1,0,0,0,0,1,0,0,0,0,0,1,0,0,0,0,1,0
C00155,0.4382598592042919,Low engagement rate (2/10) increased churn risk,High satisfaction score (8/10) decreased churn risk,High daily watch time (4.6 hours) decreased churn risk,High-Risk Disengaged,3,8,4.64,2,3,4,29,3993,2,4,0,0,1,0,0,0,0,0,0,0,1,0,0,1,0,0,0,1,0,0
C00156,0.7084800836077569,Low satisfaction score (2/10) increased churn risk,Short subscription history (3 months) increased churn risk,Support queries logged (3) decreased churn risk,Engaged but Payment-Fragile,3,2,3.99,6,1,3,26,2417,3,5,0,1,0,0,0,0,0,0,1,0,0,0,0,0,0,0,1,1,0,1
C00157,0.0432333082705169,Long subscription history (24 months) decreased churn risk,Few support queries (1) decreased churn risk,Many promotional offers used (5) decreased churn risk,Engaged but Payment-Fragile,24,3,4.22,6,2,1,56,9607,5,3,0,1,0,0,0,0,0,0,1,0,0,0,0,0,0,0,1,1,0,0
C00158,0.1362577502451085,Low engagement rate (1/10) increased churn risk,Long subscription history (24 months) decreased churn risk,High satisfaction score (7/10) decreased churn risk,Satisfied Loyal,24,7,1.76,1,3,5,36,1383,4,3,0,0,0,1,0,0,0,1,0,0,0,0,0,0,0,1,0,0,1,0
C00159,0.3690719960254335,Low engagement rate (2/10) increased churn risk,Many promotional offers used (4) decreased churn risk,On-Time payment history decreased churn risk,Satisfied Loyal,12,6,1.98,2,3,5,42,7028,4,5,1,0,0,0,0,0,0,1,0,0,0,0,1,0,0,0,0,0,1,0
C00160,0.0882144606271035,High satisfaction score (8/10) decreased churn risk,Long subscription history (24 months) decreased churn risk,Few promotional offers used (0) increased churn risk,Satisfied Loyal,24,8,2.34,6,2,6,22,5000,0,4,0,0,0,1,0,0,1,0,0,0,0,0,0,0,0,1,0,0,1,0
C00161,0.8474724543833692,Low satisfaction score (2/10) increased churn risk,Frequent support queries (9) increased churn risk,Low engagement rate (3/10) increased churn risk,Low-Satisfaction At-Risk,6,2,4.13,3,3,9,69,1043,4,1,0,0,0,0,1,0,0,0,0,0,0,1,0,1,0,0,0,0,1,1
C00162,0.4876031698983177,High daily watch time (4.6 hours) decreased churn risk,Support queries logged (3) decreased churn risk,Low engagement rate (4/10) increased churn risk,Low-Satisfaction At-Risk,6,5,4.59,4,3,3,62,5021,1,5,1,0,0,0,0,0,0,0,1,0,0,0,0,0,1,0,0,0,1,1
C00163,0.6100232110391337,Low engagement rate (1/10) increased churn risk,High satisfaction score (8/10) decreased churn risk,Few support queries (1) decreased churn risk,High-Risk Disengaged,6,8,2.3,1,3,1,46,6755,1,1,0,1,0,0,0,0,0,0,0,0,1,0,0,0,0,0,1,1,0,1
C00164,0.1793451363637092,Few support queries (0) decreased churn risk,Few promotional offers used (0) increased churn risk,High engagement rate (8/10) decreased churn risk,Low-Satisfaction At-Risk,1,5,2.53,8,1,0,25,8774,0,1,0,0,1,0,0,0,0,1,0,0,0,0,0,0,0,1,0,0,1,0
C00165,0.8822823193562624,Low engagement rate (2/10) increased churn risk,Frequent support queries (9) increased churn risk,High daily watch time (4.0 hours) decreased churn risk,High-Risk Disengaged,6,6,4.01,2,1,9,21,3764,3,5,1,0,0,0,0,1,0,0,0,0,0,0,1,0,0,0,0,1,0,1
C00166,0.3824678360850688,Low engagement rate (1/10) increased churn risk,Few support queries (0) decreased churn risk,High satisfaction score (7/10) decreased churn risk,Satisfied Loyal,1,7,3.88,1,2,0,50,1154,1,5,0,0,0,0,1,0,0,0,0,0,1,0,0,0,0,0,1,0,1,0
C00167,0.9273606734230776,High engagement rate (10/10) decreased churn risk,Frequent support queries (9) increased churn risk,Few promotional offers used (0) increased churn risk,Low-Satisfaction At-Risk,1,3,1.06,10,3,9,29,1172,0,2,1,0,0,0,0,0,0,0,0,0,1,0,0,0,0,0,1,0,1,1
C00168,0.3151128992209254,Low engagement rate (1/10) increased churn risk,Few support queries (0) decreased churn risk,Many promotional offers used (5) decreased churn risk,High-Risk Disengaged,3,7,3.11,1,2,0,34,5523,5,1,0,0,1,0,0,0,0,0,0,1,0,0,0,0,0,0,1,1,0,0
C00169,0.6681127186034993,Low satisfaction score (2/10) increased churn risk,High engagement rate (9/10) decreased churn risk,Frequent support queries (8) increased churn risk,Low-Satisfaction At-Risk,12,2,2.89,9,3,8,22,911,1,4,0,0,0,0,1,0,1,0,0,0,0,0,0,0,1,0,0,0,1,0
C00170,0.2117710040445209,Low engagement rate (2/10) increased churn risk,Long subscription history (24 months) decreased churn risk,Many promotional offers used (5) decreased churn risk,High-Risk Disengaged,24,7,4.04,2,1,5,67,3677,5,4,0,0,0,1,0,0,0,0,0,1,0,0,0,0,1,0,0,1,0,1
C00171,0.9310382716395812,Few promotional offers used (0) increased churn risk,Low daily watch time (1.0 hours) increased churn risk,Short subscription history (1 months) increased churn risk,High-Risk Disengaged,1,5,0.99,5,3,4,67,5577,0,5,0,0,1,0,0,0,0,0,0,0,1,0,1,0,0,0,0,1,0,1
C00172,0.1589619303350136,High satisfaction score (7/10) decreased churn risk,Short subscription history (1 months) increased churn risk,High daily watch time (4.3 hours) decreased churn risk,Engaged but Payment-Fragile,1,7,4.26,6,3,3,56,1358,4,1,0,1,0,0,0,0,0,0,1,0,0,0,0,1,0,0,0,1,0,0
C00173,0.0945940058479171,High satisfaction score (8/10) decreased churn risk,Many promotional offers used (4) decreased churn risk,On-Time payment history decreased churn risk,Satisfied Loyal,12,8,3.13,5,1,6,43,4870,4,1,0,0,0,0,1,1,0,0,0,0,0,0,0,1,0,0,0,0,1,0
C00174,0.1909571011157256,High satisfaction score (9/10) decreased churn risk,Short subscription history (3 months) increased churn risk,High daily watch time (4.1 hours) decreased churn risk,High-Risk Disengaged,3,9,4.06,5,1,6,50,8641,3,5,0,0,1,0,0,0,0,1,0,0,0,0,0,0,0,1,0,1,0,0
C00175,0.7965703912736416,Many promotional offers used (5) decreased churn risk,Low engagement rate (3/10) increased churn risk,Low satisfaction score (3/10) increased churn risk,Low-Satisfaction At-Risk,3,3,3.54,3,1,7,60,6922,5,3,0,0,0,0,1,0,0,0,0,1,0,0,1,0,0,0,0,0,1,1
C00176,0.1495605874170575,High satisfaction score (8/10) decreased churn risk,Few support queries (2) decreased churn risk,Short subscription history (1 months) increased churn risk,Satisfied Loyal,1,8,2.65,6,1,2,21,4925,2,2,0,1,0,0,0,0,0,0,0,0,1,0,0,0,1,0,0,0,1,0
C00177,0.1794157926360689,High satisfaction score (10/10) decreased churn risk,High engagement rate (8/10) decreased churn risk,Low daily watch time (1.3 hours) increased churn risk,Engaged but Payment-Fragile,6,10,1.27,8,1,5,45,7289,2,5,0,0,0,1,0,1,0,0,0,0,0,0,0,0,0,0,1,1,0,0
C00178,0.3304572666057681,High engagement rate (8/10) decreased churn risk,Low daily watch time (1.4 hours) increased churn risk,Short subscription history (3 months) increased churn risk,Low-Satisfaction At-Risk,3,5,1.35,8,2,5,18,6584,3,1,0,0,0,0,1,0,0,0,0,0,1,0,0,0,0,0,1,0,1,0
C00179,0.0320001256684927,High satisfaction score (8/10) decreased churn risk,High engagement rate (8/10) decreased churn risk,High daily watch time (4.4 hours) decreased churn risk,Satisfied Loyal,12,8,4.4,8,3,6,53,6478,1,3,0,0,1,0,0,0,0,0,0,0,0,1,0,0,0,0,1,0,1,0
C00180,0.9636559341645048,Low satisfaction score (2/10) increased churn risk,Few promotional offers used (0) increased churn risk,Few support queries (2) decreased churn risk,High-Risk Disengaged,3,2,2.13,5,1,2,49,1091,0,4,0,0,0,0,1,0,1,0,0,0,0,0,0,0,1,0,0,1,0,1
C00181,0.3214990946532982,Long subscription history (24 months) decreased churn risk,Low engagement rate (3/10) increased churn risk,Low satisfaction score (3/10) increased churn risk,High-Risk Disengaged,24,3,3.77,3,2,3,55,3989,3,4,0,0,0,0,1,0,0,0,0,0,0,1,0,0,0,0,1,1,0,0
C00182,0.7092290449917737,Low engagement rate (2/10) increased churn risk,High daily watch time (4.3 hours) decreased churn risk,Few promotional offers used (1) increased churn risk,Satisfied Loyal,6,6,4.33,2,2,4,29,8577,1,2,1,0,0,0,0,0,0,0,0,1,0,0,0,0,1,0,0,0,1,1
C00183,0.1810840019546386,Low engagement rate (2/10) increased churn risk,Few support queries (2) decreased churn risk,High satisfaction score (7/10) decreased churn risk,High-Risk Disengaged,12,7,3.82,2,3,2,22,9202,3,2,0,0,1,0,0,0,0,0,0,0,1,0,0,0,0,0,1,1,0,0
C00184,0.2371393482620054,High engagement rate (10/10) decreased churn risk,Frequent support queries (10) increased churn risk,High satisfaction score (8/10) decreased churn risk,Satisfied Loyal,6,8,2.25,10,1,10,58,8169,2,2,0,0,1,0,0,1,0,0,0,0,0,0,0,0,0,0,1,0,1,0
C00185,0.444291358338104,Long subscription history (24 months) decreased churn risk,Few support queries (1) decreased churn risk,Few promotional offers used (0) increased churn risk,Low-Satisfaction At-Risk,24,3,1.72,4,2,1,47,7084,0,2,0,1,0,0,0,0,1,0,0,0,0,0,0,0,0,0,1,0,1,1
C00186,0.7358442396721102,Low satisfaction score (2/10) increased churn risk,Few promotional offers used (0) increased churn risk,High daily watch time (4.6 hours) decreased churn risk,Engaged but Payment-Fragile,6,2,4.59,8,1,4,46,4460,0,1,0,0,0,1,0,0,0,1,0,0,0,0,0,0,0,0,1,1,0,1
C00187,0.9670081816915111,Low engagement rate (1/10) increased churn risk,Frequent support queries (10) increased churn risk,Long subscription history (24 months) decreased churn risk,High-Risk Disengaged,24,5,2.66,1,3,10,70,6745,0,3,0,1,0,0,0,0,1,0,0,0,0,0,0,1,0,0,0,1,0,1
C00188,0.0369989240600898,High satisfaction score (10/10) decreased churn risk,Long subscription history (24 months) decreased churn risk,Many promotional offers used (5) decreased churn risk,High-Risk Disengaged,24,10,0.76,3,1,2,58,9454,5,3,0,1,0,0,0,0,0,0,0,0,0,1,0,0,1,0,0,1,0,0
C00189,0.1799051931573337,High satisfaction score (10/10) decreased churn risk,Low engagement rate (1/10) increased churn risk,Long subscription history (24 months) decreased churn risk,High-Risk Disengaged,24,10,2.18,1,3,7,39,3847,5,2,1,0,0,0,0,1,0,0,0,0,0,0,0,1,0,0,0,1,0,0
C00190,0.0793693018465349,Few support queries (0) decreased churn risk,Many promotional offers used (5) decreased churn risk,Delayed payment history increased churn risk,Engaged but Payment-Fragile,12,5,2.32,6,2,0,55,8022,5,1,0,0,0,0,1,1,0,0,0,0,0,0,0,0,0,0,1,1,0,0
C00191,0.987033062716701,Low satisfaction score (1/10) increased churn risk,Few promotional offers used (0) increased churn risk,Low engagement rate (3/10) increased churn risk,Low-Satisfaction At-Risk,3,1,2.95,3,3,8,64,4309,0,1,0,1,0,0,0,0,1,0,0,0,0,0,1,0,0,0,0,0,1,1
C00192,0.0386673712363411,Long subscription history (24 months) decreased churn risk,High engagement rate (9/10) decreased churn risk,Low satisfaction score (3/10) increased churn risk,Low-Satisfaction At-Risk,24,3,4.61,9,3,7,60,5322,4,5,0,1,0,0,0,0,0,0,0,0,1,0,0,0,0,0,1,0,1,0
C00193,0.9817010650985508,Low satisfaction score (1/10) increased churn risk,Low engagement rate (2/10) increased churn risk,Frequent support queries (9) increased churn risk,Low-Satisfaction At-Risk,3,1,3.0,2,1,9,50,9944,3,5,0,0,0,0,1,0,0,1,0,0,0,0,0,1,0,0,0,0,1,1
C00194,0.3881315452704998,Low engagement rate (1/10) increased churn risk,Few support queries (0) decreased churn risk,On-Time payment history decreased churn risk,Satisfied Loyal,12,6,3.25,1,3,0,27,705,2,3,1,0,0,0,0,0,0,0,0,1,0,0,0,0,1,0,0,0,1,0
C00195,0.570679133356595,Low satisfaction score (1/10) increased churn risk,Many promotional offers used (5) decreased churn risk,Low daily watch time (0.7 hours) increased churn risk,Low-Satisfaction At-Risk,3,1,0.65,7,1,3,28,1795,5,2,0,0,1,0,0,0,0,1,0,0,0,0,1,0,0,0,0,0,1,1
C00196,0.5599063293161467,Low engagement rate (3/10) increased churn risk,Low satisfaction score (3/10) increased churn risk,High daily watch time (4.5 hours) decreased churn risk,Low-Satisfaction At-Risk,6,3,4.47,3,3,3,34,8461,2,5,0,0,1,0,0,0,0,0,0,0,1,0,0,0,1,0,0,0,1,1
C00197,0.1925461010212392,High satisfaction score (10/10) decreased churn risk,Low engagement rate (1/10) increased churn risk,Long subscription history (24 months) decreased churn risk,High-Risk Disengaged,24,10,4.03,1,2,9,66,9071,4,2,0,0,0,1,0,0,0,0,0,0,1,0,0,1,0,0,0,1,0,0
C00198,0.8283537637776113,Low satisfaction score (1/10) increased churn risk,Few support queries (1) decreased churn risk,Low engagement rate (3/10) increased churn risk,Low-Satisfaction At-Risk,12,1,2.24,3,2,1,68,4242,1,4,0,0,0,1,0,0,0,0,0,0,1,0,0,0,0,0,1,0,1,1
C00199,0.0896969461036464,High engagement rate (10/10) decreased churn risk,Long subscription history (24 months) decreased churn risk,Few promotional offers used (1) increased churn risk,Engaged but Payment-Fragile,24,5,2.56,10,1,4,18,6086,1,4,0,0,1,0,0,0,0,0,1,0,0,0,1,0,0,0,0,1,0,0
C00200,0.6377183886194858,High engagement rate (9/10) decreased churn risk,Few promotional offers used (0) increased churn risk,Short subscription history (3 months) increased churn risk,Low-Satisfaction At-Risk,3,5,1.58,9,3,6,56,2634,0,2,0,0,0,0,1,1,0,0,0,0,0,0,0,0,0,0,1,0,1,1
C00201,0.1720387607296451,High satisfaction score (9/10) decreased churn risk,Delayed payment history increased churn risk,High engagement rate (7/10) decreased churn risk,Engaged but Payment-Fragile,6,9,3.3,7,2,6,33,7239,2,1,1,0,0,0,0,0,0,1,0,0,0,0,0,0,0,1,0,1,0,1
C00202,0.3457516972531607,Few support queries (0) decreased churn risk,Low satisfaction score (2/10) increased churn risk,High engagement rate (9/10) decreased churn risk,Engaged but Payment-Fragile,12,2,3.88,9,2,0,35,7363,0,3,0,0,0,0,1,1,0,0,0,0,0,0,0,0,1,0,0,1,0,1
C00203,0.1702649259662663,Many promotional offers used (5) decreased churn risk,High daily watch time (4.8 hours) decreased churn risk,Low satisfaction score (3/10) increased churn risk,Low-Satisfaction At-Risk,6,3,4.79,6,3,6,59,777,5,2,0,0,1,0,0,0,0,1,0,0,0,0,1,0,0,0,0,0,1,0
C00204,0.4463372678162973,Few support queries (2) decreased churn risk,High engagement rate (8/10) decreased churn risk,Short subscription history (1 months) increased churn risk,Engaged but Payment-Fragile,1,4,3.14,8,2,2,33,3898,3,4,0,0,0,1,0,0,0,0,0,1,0,0,0,1,0,0,0,1,0,1
C00205,0.0079205550910998,High satisfaction score (10/10) decreased churn risk,Low engagement rate (2/10) increased churn risk,Long subscription history (24 months) decreased churn risk,Satisfied Loyal,24,10,4.22,2,3,2,34,5092,4,4,1,0,0,0,0,0,0,0,0,0,1,0,0,0,1,0,0,0,1,0
C00206,0.9390839225172476,Few promotional offers used (0) increased churn risk,Low satisfaction score (3/10) increased churn risk,Short subscription history (3 months) increased churn risk,High-Risk Disengaged,3,3,3.31,5,1,4,39,6417,0,4,1,0,0,0,0,0,0,0,1,0,0,0,1,0,0,0,0,1,0,1
C00207,0.508817010892798,Low engagement rate (1/10) increased churn risk,Long subscription history (24 months) decreased churn risk,Few promotional offers used (1) increased churn risk,High-Risk Disengaged,24,6,4.0,1,3,5,29,6290,1,4,0,0,0,0,1,1,0,0,0,0,0,0,0,0,0,0,1,1,0,0
C00208,0.1908921995958775,Few support queries (0) decreased churn risk,Many promotional offers used (5) decreased churn risk,Delayed payment history increased churn risk,High-Risk Disengaged,6,4,3.75,5,2,0,65,1879,5,5,0,1,0,0,0,1,0,0,0,0,0,0,0,1,0,0,0,1,0,0
C00209,0.6011958549094734,Low engagement rate (1/10) increased churn risk,Low satisfaction score (2/10) increased churn risk,Long subscription history (24 months) decreased churn risk,High-Risk Disengaged,24,2,4.94,1,1,3,60,8275,5,4,1,0,0,0,0,0,0,0,0,1,0,0,0,0,1,0,0,1,0,1
C00210,0.5694001683285376,Low engagement rate (3/10) increased churn risk,Many promotional offers used (4) decreased churn risk,Short subscription history (3 months) increased churn risk,High-Risk Disengaged,3,5,4.01,3,3,4,20,1690,4,4,0,0,0,0,1,0,0,0,1,0,0,0,0,1,0,0,0,1,0,1
C00211,0.4058076379908965,High engagement rate (10/10) decreased churn risk,Low satisfaction score (2/10) increased churn risk,Many promotional offers used (5) decreased churn risk,Engaged but Payment-Fragile,6,2,0.92,10,2,2,19,2715,5,4,0,0,0,1,0,0,0,0,0,1,0,0,0,1,0,0,0,1,0,1
C00212,0.6583699918694014,Low satisfaction score (2/10) increased churn risk,Low engagement rate (2/10) increased churn risk,Few support queries (1) decreased churn risk,Low-Satisfaction At-Risk,12,2,3.17,2,2,1,19,4424,2,1,1,0,0,0,0,0,0,0,0,0,1,0,0,0,0,0,1,0,1,0
C00213,0.0017309893284852,High satisfaction score (10/10) decreased churn risk,Few support queries (0) decreased churn risk,Many promotional offers used (5) decreased churn risk,Engaged but Payment-Fragile,12,10,4.65,7,2,0,55,8963,5,4,0,0,0,1,0,0,0,0,0,0,1,0,1,0,0,0,0,1,0,0
C00214,0.5940737744465161,Low satisfaction score (2/10) increased churn risk,Long subscription history (24 months) decreased churn risk,Frequent support queries (9) increased churn risk,Engaged but Payment-Fragile,24,2,1.77,9,1,9,67,7468,4,4,1,0,0,0,0,0,0,0,0,0,0,1,0,1,0,0,0,1,0,0
C00215,0.2610804162135062,Low engagement rate (2/10) increased churn risk,Many promotional offers used (5) decreased churn risk,Frequent support queries (8) increased churn risk,Satisfied Loyal,6,7,4.15,2,2,8,25,6628,5,1,0,1,0,0,0,0,0,0,0,0,0,1,0,1,0,0,0,0,1,0
C00216,0.0303457447789822,Long subscription history (24 months) decreased churn risk,High engagement rate (8/10) decreased churn risk,High daily watch time (4.3 hours) decreased churn risk,Engaged but Payment-Fragile,24,6,4.28,8,2,5,58,4426,3,4,0,0,0,1,0,0,1,0,0,0,0,0,0,0,0,1,0,1,0,0
C00217,0.6200558236780546,High daily watch time (4.6 hours) decreased churn risk,Short subscription history (1 months) increased churn risk,Frequent support queries (7) increased churn risk,Engaged but Payment-Fragile,1,4,4.63,6,3,7,36,7842,2,4,0,0,1,0,0,0,0,0,0,0,0,1,0,0,0,1,0,1,0,1
C00218,0.7989065089753037,Low satisfaction score (2/10) increased churn risk,Long subscription history (24 months) decreased churn risk,Frequent support queries (8) increased churn risk,Low-Satisfaction At-Risk,24,2,2.13,4,1,8,58,857,2,5,0,0,0,1,0,0,0,0,0,0,0,1,0,1,0,0,0,0,1,1
C00219,0.0020956752456756,High satisfaction score (10/10) decreased churn risk,Long subscription history (24 months) decreased churn risk,Few support queries (1) decreased churn risk,Satisfied Loyal,24,10,3.25,8,2,1,62,7171,3,5,1,0,0,0,0,1,0,0,0,0,0,0,0,0,1,0,0,0,1,0
C00220,0.0104622063635557,High satisfaction score (9/10) decreased churn risk,Few support queries (1) decreased churn risk,High engagement rate (8/10) decreased churn risk,Satisfied Loyal,6,9,1.05,8,3,1,47,6465,4,2,0,0,0,1,0,0,1,0,0,0,0,0,0,0,0,1,0,0,1,0
C00221,0.1954178689540134,High engagement rate (10/10) decreased churn risk,Low satisfaction score (2/10) increased churn risk,Long subscription history (24 months) decreased churn risk,Low-Satisfaction At-Risk,24,2,4.13,10,1,8,28,3319,2,5,0,1,0,0,0,0,1,0,0,0,0,0,0,0,1,0,0,0,1,0
C00222,0.6274452069651595,Low engagement rate (2/10) increased churn risk,High satisfaction score (8/10) decreased churn risk,Short subscription history (3 months) increased churn risk,Satisfied Loyal,3,8,2.56,2,3,6,70,7370,2,2,1,0,0,0,0,0,0,0,0,0,1,0,1,0,0,0,0,0,1,0
C00223,0.966023133967716,Few promotional offers used (0) increased churn risk,Low satisfaction score (3/10) increased churn risk,High engagement rate (8/10) decreased churn risk,Engaged but Payment-Fragile,1,3,1.71,8,1,6,34,3437,0,1,0,1,0,0,0,0,0,0,0,1,0,0,1,0,0,0,0,1,0,1
C00224,0.016137358412315,High satisfaction score (10/10) decreased churn risk,Long subscription history (24 months) decreased churn risk,Few support queries (1) decreased churn risk,Satisfied Loyal,24,10,4.87,3,3,1,64,1137,1,2,1,0,0,0,0,0,0,0,0,1,0,0,0,0,0,0,1,0,1,0
C00225,0.0662686199705947,High engagement rate (9/10) decreased churn risk,Few support queries (2) decreased churn risk,Short subscription history (1 months) increased churn risk,Low-Satisfaction At-Risk,1,5,3.46,9,3,2,37,6476,2,3,0,0,0,1,0,0,1,0,0,0,0,0,1,0,0,0,0,0,1,0
C00226,0.0096314095443084,High satisfaction score (10/10) decreased churn risk,Long subscription history (24 months) decreased churn risk,High engagement rate (8/10) decreased churn risk,Engaged but Payment-Fragile,24,10,1.46,8,3,4,60,2791,4,2,0,1,0,0,0,0,0,0,0,0,1,0,0,0,0,1,0,1,0,0
C00227,0.1541608259057885,High engagement rate (8/10) decreased churn risk,Support queries logged (3) decreased churn risk,On-Time payment history decreased churn risk,Low-Satisfaction At-Risk,6,5,3.49,8,2,3,28,2691,2,4,0,0,0,1,0,0,0,0,1,0,0,0,0,0,1,0,0,0,1,0
C00228,0.3025800308471186,Frequent support queries (10) increased churn risk,High daily watch time (4.8 hours) decreased churn risk,On-Time payment history decreased churn risk,Satisfied Loyal,12,6,4.81,6,1,10,21,7870,2,3,0,0,0,0,1,0,0,1,0,0,0,0,0,0,0,0,1,0,1,1
C00229,0.8753280714654428,Frequent support queries (10) increased churn risk,Few promotional offers used (0) increased churn risk,High satisfaction score (7/10) decreased churn risk,Engaged but Payment-Fragile,3,7,3.23,6,2,10,35,2621,0,3,0,0,0,1,0,0,0,0,0,0,0,1,0,1,0,0,0,1,0,0
C00230,0.3804336183544811,High satisfaction score (7/10) decreased churn risk,High engagement rate (8/10) decreased churn risk,Delayed payment history increased churn risk,Engaged but Payment-Fragile,12,7,1.67,8,3,6,51,632,2,1,0,0,0,0,1,0,0,0,0,1,0,0,0,0,0,1,0,1,0,0
C00231,0.1189442869595378,High satisfaction score (10/10) decreased churn risk,Low engagement rate (2/10) increased churn risk,High daily watch time (4.2 hours) decreased churn risk,Satisfied Loyal,3,10,4.18,2,2,3,59,6134,2,5,1,0,0,0,0,0,0,0,0,0,0,1,0,1,0,0,0,0,1,0
C00232,0.1203008792709614,High satisfaction score (8/10) decreased churn risk,Many promotional offers used (5) decreased churn risk,Low engagement rate (4/10) increased churn risk,Satisfied Loyal,6,8,4.04,4,1,6,61,5999,5,2,1,0,0,0,0,1,0,0,0,0,0,0,0,0,0,0,1,0,1,0
C00233,0.6458361349822551,Low satisfaction score (2/10) increased churn risk,Long subscription history (24 months) decreased churn risk,High daily watch time (4.4 hours) decreased churn risk,Engaged but Payment-Fragile,24,2,4.43,6,1,7,41,7092,2,1,0,0,0,0,1,1,0,0,0,0,0,0,0,0,1,0,0,1,0,0
C00234,0.1583261551683495,High satisfaction score (10/10) decreased churn risk,Few promotional offers used (0) increased churn risk,Low daily watch time (0.7 hours) increased churn risk,Satisfied Loyal,12,10,0.7,4,3,2,30,5791,0,3,1,0,0,0,0,0,0,0,0,0,0,1,0,1,0,0,0,0,1,0
C00235,0.8517931355973308,High satisfaction score (10/10) decreased churn risk,Low engagement rate (1/10) increased churn risk,Low daily watch time (0.6 hours) increased churn risk,High-Risk Disengaged,1,10,0.62,1,3,6,46,9994,3,2,0,0,0,1,0,0,0,0,0,1,0,0,0,0,0,0,1,1,0,1
C00236,0.9601982711525175,Low engagement rate (2/10) increased churn risk,Few promotional offers used (0) increased churn risk,High satisfaction score (7/10) decreased churn risk,High-Risk Disengaged,3,7,2.59,2,2,7,57,3655,0,2,1,0,0,0,0,1,0,0,0,0,0,0,0,0,0,1,0,1,0,0
C00237,0.942051075870654,Low satisfaction score (2/10) increased churn risk,Many promotional offers used (5) decreased churn risk,Short subscription history (1 months) increased churn risk,High-Risk Disengaged,1,2,1.62,4,1,5,47,8462,5,4,1,0,0,0,0,0,0,1,0,0,0,0,0,1,0,0,0,1,0,1
C00238,0.0696204056620975,Few support queries (0) decreased churn risk,Short subscription history (3 months) increased churn risk,High daily watch time (4.1 hours) decreased churn risk,Low-Satisfaction At-Risk,3,4,4.1,7,1,0,56,4175,3,1,0,0,1,0,0,0,0,1,0,0,0,0,1,0,0,0,0,0,1,0
C00239,0.6641711738656815,Low satisfaction score (3/10) increased churn risk,High daily watch time (4.6 hours) decreased churn risk,Short subscription history (1 months) increased churn risk,Low-Satisfaction At-Risk,1,3,4.59,5,1,4,25,5627,1,4,0,1,0,0,0,0,1,0,0,0,0,0,0,0,0,0,1,0,1,0
C00240,0.3144888581934396,High satisfaction score (9/10) decreased churn risk,Many promotional offers used (5) decreased churn risk,Frequent support queries (7) increased churn risk,High-Risk Disengaged,12,9,1.65,5,2,7,64,2368,5,3,1,0,0,0,0,0,0,0,0,0,1,0,0,0,1,0,0,1,0,0
C00241,0.9731439134924638,Low satisfaction score (1/10) increased churn risk,Frequent support queries (8) increased churn risk,Low daily watch time (0.9 hours) increased churn risk,Engaged but Payment-Fragile,3,1,0.94,8,3,8,18,7700,2,3,0,1,0,0,0,0,0,0,0,0,1,0,0,1,0,0,0,1,0,1
C00242,0.0631825052572387,Few support queries (1) decreased churn risk,Many promotional offers used (4) decreased churn risk,Delayed payment history increased churn risk,Engaged but Payment-Fragile,12,6,2.84,6,2,1,47,6375,4,5,0,0,1,0,0,0,0,0,0,0,1,0,0,0,0,1,0,1,0,0
C00243,0.9285107449392176,Frequent support queries (10) increased churn risk,High engagement rate (9/10) decreased churn risk,Few promotional offers used (0) increased churn risk,Low-Satisfaction At-Risk,3,3,1.91,9,3,10,32,6779,0,3,0,1,0,0,0,0,1,0,0,0,0,0,0,0,1,0,0,0,1,1
C00244,0.1228561196516468,Few support queries (0) decreased churn risk,Low daily watch time (1.1 hours) increased churn risk,Many promotional offers used (4) decreased churn risk,Low-Satisfaction At-Risk,6,5,1.15,5,1,0,49,5217,4,3,0,0,1,0,0,0,0,0,0,0,0,1,1,0,0,0,0,0,1,0
C00245,0.3414296228368266,High satisfaction score (10/10) decreased churn risk,Frequent support queries (10) increased churn risk,High daily watch time (4.6 hours) decreased churn risk,Satisfied Loyal,6,10,4.61,5,1,10,44,1033,1,5,0,0,0,0,1,0,0,0,1,0,0,0,0,1,0,0,0,0,1,0
C00246,0.1353132405695763,High satisfaction score (10/10) decreased churn risk,Low engagement rate (2/10) increased churn risk,Many promotional offers used (4) decreased churn risk,Satisfied Loyal,3,10,4.11,2,1,6,41,4206,4,2,0,0,1,0,0,1,0,0,0,0,0,0,0,0,0,0,1,0,1,0
C00247,0.172994285602891,High engagement rate (10/10) decreased churn risk,Short subscription history (1 months) increased churn risk,Low daily watch time (1.3 hours) increased churn risk,Low-Satisfaction At-Risk,1,5,1.28,10,2,5,55,9442,4,2,0,0,0,0,1,0,0,0,1,0,0,0,1,0,0,0,0,0,1,0
C00248,0.0026713062516628,High satisfaction score (10/10) decreased churn risk,Few support queries (0) decreased churn risk,Long subscription history (24 months) decreased churn risk,Engaged but Payment-Fragile,24,10,4.92,6,2,0,28,1177,4,4,0,0,0,1,0,0,0,0,0,1,0,0,0,0,1,0,0,1,0,0
C00249,0.576886948574954,Many promotional offers used (5) decreased churn risk,Low satisfaction score (3/10) increased churn risk,Short subscription history (3 months) increased churn risk,High-Risk Disengaged,3,3,3.4,4,2,4,40,9548,5,3,1,0,0,0,0,0,0,0,0,0,0,1,1,0,0,0,0,1,0,1
C00250,0.8938631966430112,Short subscription history (1 months) increased churn risk,Many promotional offers used (4) decreased churn risk,Low daily watch time (1.4 hours) increased churn risk,High-Risk Disengaged,1,4,1.36,4,2,6,44,9301,4,2,0,0,1,0,0,1,0,0,0,0,0,0,1,0,0,0,0,1,0,0
C00251,0.9900913611068428,Low satisfaction score (1/10) increased churn risk,Low engagement rate (1/10) increased churn risk,Frequent support queries (10) increased churn risk,High-Risk Disengaged,12,1,1.26,1,2,10,43,9693,5,4,1,0,0,0,0,0,0,0,0,0,0,1,0,1,0,0,0,1,0,1
C00252,0.9168014868535932,Many promotional offers used (5) decreased churn risk,Low daily watch time (0.5 hours) increased churn risk,Frequent support queries (8) increased churn risk,High-Risk Disengaged,12,3,0.51,5,2,8,62,2036,5,5,0,0,0,0,1,0,1,0,0,0,0,0,0,0,1,0,0,1,0,1
C00253,0.3196276524603602,High satisfaction score (8/10) decreased churn risk,Frequent support queries (9) increased churn risk,Many promotional offers used (4) decreased churn risk,Engaged but Payment-Fragile,6,8,2.96,7,3,9,51,7448,4,2,1,0,0,0,0,0,0,0,1,0,0,0,0,0,0,1,0,1,0,1
C00254,0.6535112027592754,Low satisfaction score (2/10) increased churn risk,High engagement rate (9/10) decreased churn risk,Few promotional offers used (1) increased churn risk,Low-Satisfaction At-Risk,6,2,2.67,9,2,6,34,6050,1,4,0,1,0,0,0,0,1,0,0,0,0,0,0,0,0,0,1,0,1,1
C00255,0.0249084470111975,High satisfaction score (10/10) decreased churn risk,Few support queries (1) decreased churn risk,Many promotional offers used (5) decreased churn risk,Satisfied Loyal,6,10,2.78,3,1,1,29,642,5,2,1,0,0,0,0,0,0,1,0,0,0,0,0,0,0,0,1,0,1,0
C00256,0.1953121044130868,Few support queries (1) decreased churn risk,High daily watch time (4.6 hours) decreased churn risk,Many promotional offers used (4) decreased churn risk,High-Risk Disengaged,3,6,4.58,4,2,1,63,2034,4,5,0,0,1,0,0,0,0,1,0,0,0,0,0,0,1,0,0,1,0,0
C00257,0.0370070387220072,Long subscription history (24 months) decreased churn risk,High satisfaction score (7/10) decreased churn risk,High engagement rate (8/10) decreased churn risk,Engaged but Payment-Fragile,24,7,4.39,8,2,7,39,6037,3,3,0,0,1,0,0,0,1,0,0,0,0,0,0,0,0,0,1,1,0,0
C00258,0.9278197983352834,Low satisfaction score (3/10) increased churn risk,Few promotional offers used (1) increased churn risk,Daily watch time (1.6 hours) increased churn risk,Engaged but Payment-Fragile,12,3,1.59,6,2,6,25,6141,1,5,0,0,0,1,0,0,0,0,0,1,0,0,0,0,0,0,1,1,0,1
C00259,0.578040299323085,Low satisfaction score (3/10) increased churn risk,Low daily watch time (1.2 hours) increased churn risk,Support queries logged (3) decreased churn risk,Low-Satisfaction At-Risk,12,3,1.24,4,2,3,38,4050,3,3,0,0,1,0,0,0,0,0,1,0,0,0,1,0,0,0,0,0,1,1
C00260,0.7725660844509474,Frequent support queries (10) increased churn risk,Low satisfaction score (2/10) increased churn risk,Long subscription history (24 months) decreased churn risk,Low-Satisfaction At-Risk,24,2,4.72,5,1,10,66,8018,1,5,0,0,1,0,0,0,0,0,1,0,0,0,0,1,0,0,0,0,1,1
C00261,0.9573474496406408,Short subscription history (1 months) increased churn risk,Low daily watch time (1.3 hours) increased churn risk,Support queries logged (3) decreased churn risk,High-Risk Disengaged,1,4,1.28,4,1,3,43,5973,1,5,0,0,1,0,0,0,0,0,0,0,1,0,0,0,1,0,0,1,0,1
C00262,0.6926455681494091,Low engagement rate (1/10) increased churn risk,High satisfaction score (8/10) decreased churn risk,Frequent support queries (9) increased churn risk,Satisfied Loyal,3,8,3.52,1,3,9,62,9055,3,3,1,0,0,0,0,0,0,0,0,0,1,0,0,0,0,1,0,0,1,1
C00263,0.8881182838133728,Low engagement rate (3/10) increased churn risk,Few support queries (2) decreased churn risk,Low satisfaction score (3/10) increased churn risk,High-Risk Disengaged,12,3,1.05,3,1,2,60,2094,3,3,0,0,1,0,0,1,0,0,0,0,0,0,0,0,1,0,0,1,0,1
C00264,0.6624757673325415,Low engagement rate (1/10) increased churn risk,Short subscription history (1 months) increased churn risk,High daily watch time (4.5 hours) decreased churn risk,Satisfied Loyal,1,6,4.46,1,1,7,24,6014,4,4,0,0,0,1,0,0,0,0,0,1,0,0,0,0,0,1,0,0,1,0
C00265,0.6052461446152797,Low engagement rate (2/10) increased churn risk,Long subscription history (24 months) decreased churn risk,High daily watch time (4.8 hours) decreased churn risk,High-Risk Disengaged,24,4,4.85,2,2,8,53,1835,3,5,0,1,0,0,0,1,0,0,0,0,0,0,0,0,0,1,0,1,0,1
C00266,0.4992127117245463,Many promotional offers used (5) decreased churn risk,Short subscription history (3 months) increased churn risk,Support queries logged (3) decreased churn risk,High-Risk Disengaged,3,4,2.4,4,2,3,28,5120,5,3,0,0,0,1,0,0,0,1,0,0,0,0,1,0,0,0,0,1,0,1
C00267,0.9156163127032118,Low satisfaction score (1/10) increased churn risk,High engagement rate (8/10) decreased churn risk,Few promotional offers used (1) increased churn risk,Engaged but Payment-Fragile,6,1,1.76,8,3,5,20,2497,1,2,0,0,1,0,0,0,0,1,0,0,0,0,0,1,0,0,0,1,0,1
C00268,0.3852843338990983,Low engagement rate (2/10) increased churn risk,Long subscription history (24 months) decreased churn risk,Few promotional offers used (0) increased churn risk,High-Risk Disengaged,24,6,4.82,2,1,3,51,2649,0,4,0,1,0,0,0,0,0,0,1,0,0,0,1,0,0,0,0,1,0,0
C00269,0.0516435964260575,High satisfaction score (8/10) decreased churn risk,High engagement rate (9/10) decreased churn risk,Few promotional offers used (1) increased churn risk,Satisfied Loyal,6,8,3.44,9,2,4,31,2546,1,1,1,0,0,0,0,0,0,0,0,0,1,0,0,0,0,1,0,0,1,0
C00270,0.91730322721461,Low satisfaction score (1/10) increased churn risk,High daily watch time (4.5 hours) decreased churn risk,Short subscription history (1 months) increased churn risk,Low-Satisfaction At-Risk,1,1,4.54,4,1,5,57,1560,2,4,0,1,0,0,0,0,0,0,0,0,1,0,0,0,1,0,0,0,1,1
C00271,0.7660172764797232,High satisfaction score (10/10) decreased churn risk,Low engagement rate (2/10) increased churn risk,Few promotional offers used (0) increased churn risk,High-Risk Disengaged,1,10,3.24,2,2,7,65,2437,0,5,0,0,1,0,0,0,0,0,0,0,0,1,1,0,0,0,0,1,0,0
C00272,0.5169884859715276,Low engagement rate (2/10) increased churn risk,Long subscription history (24 months) decreased churn risk,Support queries logged (3) decreased churn risk,High-Risk Disengaged,24,5,2.27,2,1,3,43,2759,3,5,0,1,0,0,0,0,0,1,0,0,0,0,0,0,1,0,0,1,0,0
C00273,0.1087283929270357,High engagement rate (9/10) decreased churn risk,Support queries logged (3) decreased churn risk,Low daily watch time (1.4 hours) increased churn risk,Low-Satisfaction At-Risk,12,6,1.42,9,3,3,47,8883,1,1,1,0,0,0,0,0,1,0,0,0,0,0,1,0,0,0,0,0,1,0
C00274,0.4702178700403463,Low engagement rate (3/10) increased churn risk,High satisfaction score (7/10) decreased churn risk,High daily watch time (4.6 hours) decreased churn risk,High-Risk Disengaged,6,7,4.57,3,1,5,42,5359,2,4,1,0,0,0,0,0,0,0,0,0,0,1,1,0,0,0,0,1,0,1
C00275,0.4261726991768936,Long subscription history (24 months) decreased churn risk,Few promotional offers used (0) increased churn risk,Delayed payment history increased churn risk,Engaged but Payment-Fragile,24,5,3.8,6,2,5,60,8810,0,2,0,0,0,0,1,0,0,0,0,1,0,0,1,0,0,0,0,1,0,0
C00276,0.4069885829392735,Low satisfaction score (1/10) increased churn risk,Long subscription history (24 months) decreased churn risk,High engagement rate (9/10) decreased churn risk,Engaged but Payment-Fragile,24,1,3.9,9,3,7,57,3969,3,1,1,0,0,0,0,0,0,0,0,0,1,0,0,0,0,0,1,1,0,0
C00277,0.2696561017717828,Low engagement rate (2/10) increased churn risk,High satisfaction score (8/10) decreased churn risk,Short subscription history (3 months) increased churn risk,Satisfied Loyal,3,8,3.25,2,1,3,20,8158,3,5,0,1,0,0,0,0,1,0,0,0,0,0,0,0,1,0,0,0,1,0
C00278,0.2515491736984833,Many promotional offers used (5) decreased churn risk,High satisfaction score (7/10) decreased churn risk,Short subscription history (1 months) increased churn risk,High-Risk Disengaged,1,7,4.17,4,3,6,26,910,5,1,1,0,0,0,0,0,0,0,0,0,0,1,1,0,0,0,0,1,0,0
C00279,0.9794293214545214,Low satisfaction score (1/10) increased churn risk,Frequent support queries (10) increased churn risk,Short subscription history (1 months) increased churn risk,High-Risk Disengaged,1,1,3.39,4,3,10,26,4699,4,2,0,1,0,0,0,0,0,1,0,0,0,0,0,1,0,0,0,1,0,1
C00280,0.4040557985574965,Low engagement rate (2/10) increased churn risk,High satisfaction score (8/10) decreased churn risk,Long subscription history (24 months) decreased churn risk,High-Risk Disengaged,24,8,4.18,2,1,4,68,2460,0,5,0,0,0,0,1,0,0,0,0,0,1,0,0,0,1,0,0,1,0,1
C00281,0.8684010198343396,Low engagement rate (1/10) increased churn risk,Short subscription history (1 months) increased churn risk,On-Time payment history decreased churn risk,Satisfied Loyal,1,6,2.83,1,2,4,68,9479,2,2,0,0,1,0,0,0,0,0,0,1,0,0,0,0,1,0,0,0,1,1
C00282,0.479859096474157,High satisfaction score (8/10) decreased churn risk,Frequent support queries (9) increased churn risk,High engagement rate (9/10) decreased churn risk,Engaged but Payment-Fragile,3,8,0.84,9,1,9,68,8505,4,2,0,0,0,0,1,0,1,0,0,0,0,0,0,0,0,0,1,1,0,0
C00283,0.4344735912377577,Low satisfaction score (1/10) increased churn risk,Few support queries (2) decreased churn risk,Many promotional offers used (4) decreased churn risk,Engaged but Payment-Fragile,6,1,3.83,6,3,2,23,7386,4,4,0,0,0,1,0,0,0,0,1,0,0,0,0,0,0,1,0,1,0,1
C00284,0.8615148921319682,Low engagement rate (3/10) increased churn risk,Delayed payment history increased churn risk,Short subscription history (6 months) increased churn risk,High-Risk Disengaged,6,5,2.29,3,2,6,45,9967,3,1,1,0,0,0,0,1,0,0,0,0,0,0,0,0,0,1,0,1,0,1
C00285,0.0527267647415679,High satisfaction score (8/10) decreased churn risk,Few support queries (2) decreased churn risk,High engagement rate (8/10) decreased churn risk,Satisfied Loyal,1,8,1.92,8,1,2,51,8262,3,5,0,0,0,1,0,0,0,1,0,0,0,0,0,0,0,0,1,0,1,0
C00286,0.3370769841445217,Low engagement rate (1/10) increased churn risk,Long subscription history (24 months) decreased churn risk,Few support queries (2) decreased churn risk,High-Risk Disengaged,24,5,3.93,1,1,2,48,8197,2,4,0,1,0,0,0,0,1,0,0,0,0,0,1,0,0,0,0,1,0,0
C00287,0.7250527824383018,Frequent support queries (10) increased churn risk,High engagement rate (9/10) decreased churn risk,Few promotional offers used (0) increased churn risk,Low-Satisfaction At-Risk,1,4,3.89,9,3,10,60,5650,0,3,0,0,0,1,0,0,0,1,0,0,0,0,0,0,0,1,0,0,1,1
C00288,0.6532734482602203,High satisfaction score (9/10) decreased churn risk,Low engagement rate (2/10) increased churn risk,Frequent support queries (8) increased churn risk,Satisfied Loyal,6,9,2.58,2,1,8,33,5372,1,3,0,1,0,0,0,0,1,0,0,0,0,0,0,0,0,1,0,0,1,1
C00289,0.7052593146430072,Low satisfaction score (1/10) increased churn risk,Frequent support queries (9) increased churn risk,High engagement rate (9/10) decreased churn risk,Low-Satisfaction At-Risk,12,1,4.77,9,1,9,34,8657,1,1,0,1,0,0,0,0,0,0,0,1,0,0,0,0,0,1,0,0,1,0
C00290,0.8141398535296094,High engagement rate (10/10) decreased churn risk,Low daily watch time (0.5 hours) increased churn risk,Few promotional offers used (0) increased churn risk,Engaged but Payment-Fragile,12,3,0.52,10,2,6,28,4473,0,1,0,1,0,0,0,0,0,1,0,0,0,0,1,0,0,0,0,1,0,1
C00291,0.2602408437886329,High satisfaction score (8/10) decreased churn risk,Low daily watch time (0.7 hours) increased churn risk,Support queries logged (3) decreased churn risk,Engaged but Payment-Fragile,12,8,0.67,7,2,3,52,9824,1,4,0,0,0,1,0,0,0,0,0,0,1,0,1,0,0,0,0,1,0,0
C00292,0.2549605265689604,Few support queries (0) decreased churn risk,Low engagement rate (2/10) increased churn risk,Long subscription history (24 months) decreased churn risk,High-Risk Disengaged,24,3,4.17,2,3,0,31,822,2,2,0,0,1,0,0,0,0,0,1,0,0,0,0,0,0,1,0,1,0,0
C00293,0.9061896608381256,Low satisfaction score (1/10) increased churn risk,Low engagement rate (2/10) increased churn risk,Few support queries (2) decreased churn risk,High-Risk Disengaged,1,1,3.53,2,1,2,36,1830,4,2,0,0,0,1,0,0,0,0,1,0,0,0,1,0,0,0,0,1,0,1
C00294,0.5529342660345172,High engagement rate (10/10) decreased churn risk,Low satisfaction score (2/10) increased churn risk,Long subscription history (24 months) decreased churn risk,Engaged but Payment-Fragile,24,2,0.52,10,3,3,54,8145,0,1,1,0,0,0,0,0,0,0,1,0,0,0,0,0,0,1,0,1,0,0
C00295,0.7730925482347343,Low satisfaction score (1/10) increased churn risk,Few support queries (1) decreased churn risk,Delayed payment history increased churn risk,High-Risk Disengaged,6,1,3.86,5,1,1,42,8943,3,1,1,0,0,0,0,0,0,0,0,1,0,0,1,0,0,0,0,1,0,1
C00296,0.5685278834328285,High engagement rate (9/10) decreased churn risk,Few promotional offers used (0) increased churn risk,Low satisfaction score (3/10) increased churn risk,Engaged but Payment-Fragile,6,3,4.45,9,2,4,43,8496,0,4,0,1,0,0,0,0,1,0,0,0,0,0,0,1,0,0,0,1,0,0
C00297,0.9449756824195056,High satisfaction score (9/10) decreased churn risk,Low engagement rate (1/10) increased churn risk,Frequent support queries (10) increased churn risk,High-Risk Disengaged,6,9,1.06,1,2,10,33,4856,2,2,0,0,0,1,0,0,0,0,0,0,0,1,0,0,1,0,0,1,0,1
C00298,0.96416674090306,Low engagement rate (1/10) increased churn risk,Low daily watch time (0.8 hours) increased churn risk,Low satisfaction score (3/10) increased churn risk,High-Risk Disengaged,12,3,0.78,1,1,5,45,4865,4,1,0,0,1,0,0,1,0,0,0,0,0,0,0,0,1,0,0,1,0,1
C00299,0.7259378031720841,Frequent support queries (9) increased churn risk,Short subscription history (3 months) increased churn risk,Low satisfaction score (4/10) increased churn risk,Low-Satisfaction At-Risk,3,4,3.51,5,2,9,40,5004,3,5,0,0,0,0,1,0,0,0,0,0,1,0,0,0,0,1,0,0,1,0
C00300,0.0479392001311643,High satisfaction score (10/10) decreased churn risk,High engagement rate (9/10) decreased churn risk,Short subscription history (3 months) increased churn risk,Engaged but Payment-Fragile,3,10,3.68,9,3,4,53,938,1,2,0,1,0,0,0,0,0,0,0,0,0,1,0,0,0,0,1,1,0,0
C00301,0.2460352543913459,High satisfaction score (10/10) decreased churn risk,Low engagement rate (2/10) increased churn risk,Short subscription history (1 months) increased churn risk,Satisfied Loyal,1,10,2.95,2,3,5,34,4755,3,5,0,0,0,1,0,0,0,0,0,1,0,0,1,0,0,0,0,0,1,0
C00302,0.6970232488205548,Low satisfaction score (1/10) increased churn risk,High engagement rate (7/10) decreased churn risk,On-Time payment history decreased churn risk,Low-Satisfaction At-Risk,6,1,2.19,7,3,4,58,3065,2,5,0,0,0,0,1,1,0,0,0,0,0,0,0,0,0,1,0,0,1,1
C00303,0.1133240881483852,High satisfaction score (8/10) decreased churn risk,High engagement rate (9/10) decreased churn risk,Frequent support queries (8) increased churn risk,Engaged but Payment-Fragile,1,8,4.45,9,3,8,36,9667,3,3,0,0,0,1,0,0,0,0,0,0,1,0,1,0,0,0,0,1,0,0
C00304,0.8512424363426245,High satisfaction score (8/10) decreased churn risk,Frequent support queries (9) increased churn risk,Low engagement rate (4/10) increased churn risk,High-Risk Disengaged,6,8,1.62,4,2,9,48,4646,3,1,0,1,0,0,0,1,0,0,0,0,0,0,0,0,1,0,0,1,0,0
C00305,0.727980567623606,Low engagement rate (1/10) increased churn risk,Long subscription history (24 months) decreased churn risk,Few promotional offers used (0) increased churn risk,Satisfied Loyal,24,5,2.04,1,2,4,57,2271,0,3,1,0,0,0,0,1,0,0,0,0,0,0,1,0,0,0,0,0,1,1
C00306,0.3878572191227787,Many promotional offers used (5) decreased churn risk,Few support queries (2) decreased churn risk,Low satisfaction score (3/10) increased churn risk,Low-Satisfaction At-Risk,12,3,1.75,4,3,2,42,2612,5,3,1,0,0,0,0,0,0,0,1,0,0,0,0,0,1,0,0,0,1,1
C00307,0.4204558015440425,Low engagement rate (1/10) increased churn risk,High satisfaction score (8/10) decreased churn risk,Many promotional offers used (4) decreased churn risk,High-Risk Disengaged,3,8,3.65,1,3,4,44,3666,4,4,0,1,0,0,0,0,0,1,0,0,0,0,0,0,0,0,1,1,0,0
C00308,0.3813435903367032,High satisfaction score (9/10) decreased churn risk,Frequent support queries (9) increased churn risk,Low daily watch time (1.2 hours) increased churn risk,Satisfied Loyal,6,9,1.2,7,3,9,55,5765,2,3,0,0,0,0,1,0,0,0,0,0,1,0,0,1,0,0,0,0,1,0
C00309,0.6758374266901088,High satisfaction score (8/10) decreased churn risk,Few promotional offers used (0) increased churn risk,Short subscription history (1 months) increased churn risk,Satisfied Loyal,1,8,1.66,4,3,6,29,8223,0,4,0,0,0,0,1,0,0,0,0,0,1,0,1,0,0,0,0,0,1,1
C00310,0.0247967893798522,High satisfaction score (9/10) decreased churn risk,High engagement rate (9/10) decreased churn risk,Few support queries (2) decreased churn risk,Satisfied Loyal,6,9,1.45,9,3,2,21,1901,2,3,0,0,1,0,0,0,1,0,0,0,0,0,0,1,0,0,0,0,1,0
C00311,0.8053645315977905,Few support queries (0) decreased churn risk,Low satisfaction score (2/10) increased churn risk,Few promotional offers used (0) increased churn risk,Engaged but Payment-Fragile,3,2,4.61,6,1,0,35,5183,0,5,1,0,0,0,0,0,0,0,1,0,0,0,0,0,1,0,0,1,0,1
C00312,0.6174558661474225,Frequent support queries (8) increased churn risk,Low daily watch time (1.4 hours) increased churn risk,On-Time payment history decreased churn risk,Low-Satisfaction At-Risk,12,5,1.45,6,2,8,44,5627,3,2,0,0,0,1,0,0,0,0,0,0,1,0,0,0,1,0,0,0,1,1
C00313,0.2053742645870411,Few support queries (1) decreased churn risk,High engagement rate (9/10) decreased churn risk,Many promotional offers used (4) decreased churn risk,Engaged but Payment-Fragile,3,4,2.84,9,1,1,69,3558,4,1,1,0,0,0,0,0,0,1,0,0,0,0,0,0,0,0,1,1,0,1
C00314,0.752529616946064,Low engagement rate (3/10) increased churn risk,Low daily watch time (1.2 hours) increased churn risk,Many promotional offers used (4) decreased churn risk,Satisfied Loyal,12,5,1.23,3,2,7,52,8319,4,4,1,0,0,0,0,0,0,1,0,0,0,0,0,0,1,0,0,0,1,1
C00315,0.132954444472245,Long subscription history (24 months) decreased churn risk,Many promotional offers used (5) decreased churn risk,Low satisfaction score (3/10) increased churn risk,Low-Satisfaction At-Risk,24,3,3.69,4,2,5,38,1978,5,2,0,0,1,0,0,1,0,0,0,0,0,0,0,1,0,0,0,0,1,1
C00316,0.0482957965069854,High satisfaction score (10/10) decreased churn risk,Low engagement rate (2/10) increased churn risk,Long subscription history (24 months) decreased churn risk,High-Risk Disengaged,24,10,3.11,2,1,2,63,6216,3,2,0,0,1,0,0,0,1,0,0,0,0,0,0,1,0,0,0,1,0,0
C00317,0.0129795129147236,High engagement rate (10/10) decreased churn risk,Many promotional offers used (5) decreased churn risk,High satisfaction score (7/10) decreased churn risk,Satisfied Loyal,12,7,3.89,10,2,6,63,2055,5,3,0,0,1,0,0,0,0,0,0,1,0,0,0,0,0,1,0,0,1,0
C00318,0.1760018070062711,Few support queries (0) decreased churn risk,Low satisfaction score (2/10) increased churn risk,Long subscription history (24 months) decreased churn risk,Engaged but Payment-Fragile,24,2,1.08,7,1,0,57,8653,4,2,0,0,0,1,0,0,0,0,0,0,0,1,0,0,1,0,0,1,0,0
C00319,0.9913513298372572,Low satisfaction score (1/10) increased churn risk,Low engagement rate (1/10) increased churn risk,Low daily watch time (1.3 hours) increased churn risk,Low-Satisfaction At-Risk,6,1,1.27,1,1,5,33,8586,1,3,0,0,1,0,0,0,0,0,1,0,0,0,0,0,1,0,0,0,1,1
C00320,0.0865965853796021,Few support queries (0) decreased churn risk,Low engagement rate (2/10) increased churn risk,Long subscription history (24 months) decreased churn risk,Low-Satisfaction At-Risk,24,4,3.31,2,2,0,67,9822,4,1,0,0,0,0,1,0,0,0,0,0,1,0,0,0,1,0,0,0,1,0
C00321,0.2510637723647076,Long subscription history (24 months) decreased churn risk,Frequent support queries (9) increased churn risk,Low daily watch time (1.3 hours) increased churn risk,Low-Satisfaction At-Risk,24,5,1.32,6,3,9,18,6230,3,3,0,0,1,0,0,0,0,1,0,0,0,0,0,0,0,1,0,0,1,1
C00322,0.1145068739127937,Long subscription history (24 months) decreased churn risk,Low engagement rate (3/10) increased churn risk,Low daily watch time (0.8 hours) increased churn risk,Satisfied Loyal,24,7,0.81,3,3,4,43,681,4,1,0,0,1,0,0,0,0,1,0,0,0,0,0,1,0,0,0,0,1,0
C00323,0.9740686701957224,Low satisfaction score (2/10) increased churn risk,Low engagement rate (2/10) increased churn risk,Short subscription history (1 months) increased churn risk,Low-Satisfaction At-Risk,1,2,1.87,2,3,6,60,8262,1,3,0,0,0,1,0,0,0,1,0,0,0,0,0,0,0,1,0,0,1,1
C00324,0.8370126771175271,Frequent support queries (10) increased churn risk,High satisfaction score (8/10) decreased churn risk,Low engagement rate (3/10) increased churn risk,Satisfied Loyal,1,8,2.26,3,1,10,65,6127,2,2,0,1,0,0,0,0,0,1,0,0,0,0,0,0,0,1,0,0,1,1
C00325,0.0491629199360915,High engagement rate (10/10) decreased churn risk,Few support queries (1) decreased churn risk,Many promotional offers used (5) decreased churn risk,Low-Satisfaction At-Risk,6,3,3.6,10,1,1,68,9803,5,2,0,1,0,0,0,0,0,0,0,1,0,0,0,1,0,0,0,0,1,0
C00326,0.036921347900523,Long subscription history (24 months) decreased churn risk,High engagement rate (9/10) decreased churn risk,High daily watch time (4.6 hours) decreased churn risk,Engaged but Payment-Fragile,24,5,4.63,9,2,3,51,9812,1,5,0,0,0,0,1,0,0,0,1,0,0,0,0,0,0,1,0,1,0,0
C00327,0.6394590408553011,Low satisfaction score (2/10) increased churn risk,Low engagement rate (3/10) increased churn risk,Support queries logged (3) decreased churn risk,Low-Satisfaction At-Risk,6,2,3.57,3,3,3,44,8418,3,4,0,0,0,1,0,0,0,0,1,0,0,0,0,0,0,0,1,0,1,0
C00328,0.3998894593001251,Few support queries (0) decreased churn risk,Low engagement rate (2/10) increased churn risk,High daily watch time (5.0 hours) decreased churn risk,High-Risk Disengaged,12,3,4.96,2,2,0,32,2990,2,4,0,1,0,0,0,0,0,0,0,0,0,1,0,0,0,0,1,1,0,0
C00329,0.6842691238729293,Low satisfaction score (2/10) increased churn risk,Short subscription history (1 months) increased churn risk,High engagement rate (7/10) decreased churn risk,Low-Satisfaction At-Risk,1,2,3.79,7,3,6,69,3211,3,1,0,0,0,0,1,0,0,0,0,1,0,0,0,0,0,1,0,0,1,1
C00330,0.3129263171457995,High satisfaction score (9/10) decreased churn risk,Short subscription history (1 months) increased churn risk,Delayed payment history increased churn risk,High-Risk Disengaged,1,9,3.11,5,3,5,34,3098,2,5,0,0,1,0,0,0,0,0,1,0,0,0,0,0,0,1,0,1,0,0
C00331,0.8083851020222569,Low satisfaction score (2/10) increased churn risk,High engagement rate (8/10) decreased churn risk,Short subscription history (1 months) increased churn risk,Low-Satisfaction At-Risk,1,2,1.0,8,2,7,48,2858,3,4,0,0,0,1,0,0,0,0,0,0,0,1,0,0,0,0,1,0,1,1
C00332,0.1779737254125101,High engagement rate (9/10) decreased churn risk,High daily watch time (4.4 hours) decreased churn risk,Few promotional offers used (1) increased churn risk,Low-Satisfaction At-Risk,12,4,4.38,9,2,5,56,8002,1,2,0,0,0,0,1,0,0,0,0,0,1,0,0,0,1,0,0,0,1,0
C00333,0.0521547170905393,High satisfaction score (10/10) decreased churn risk,Frequent support queries (10) increased churn risk,Long subscription history (24 months) decreased churn risk,Engaged but Payment-Fragile,24,10,2.92,7,1,10,27,865,4,2,1,0,0,0,0,0,0,0,0,0,0,1,0,0,0,0,1,1,0,0
C00334,0.9132721301560924,High daily watch time (5.0 hours) decreased churn risk,Low engagement rate (3/10) increased churn risk,Frequent support queries (8) increased churn risk,High-Risk Disengaged,3,6,4.97,3,1,8,58,5338,2,1,0,0,1,0,0,0,0,0,0,1,0,0,0,0,1,0,0,1,0,1
C00335,0.0263186928860885,High satisfaction score (10/10) decreased churn risk,Long subscription history (24 months) decreased churn risk,Frequent support queries (9) increased churn risk,Satisfied Loyal,24,10,3.76,4,3,9,24,2906,3,4,0,0,0,0,1,0,0,1,0,0,0,0,0,0,0,1,0,0,1,0
C00336,0.8354571629000217,Low satisfaction score (2/10) increased churn risk,Few support queries (1) decreased churn risk,Few promotional offers used (0) increased churn risk,High-Risk Disengaged,3,2,3.34,5,3,1,24,5186,0,1,0,0,0,1,0,0,0,1,0,0,0,0,0,0,0,0,1,1,0,1
C00337,0.0189277872843004,High satisfaction score (10/10) decreased churn risk,Few support queries (0) decreased churn risk,Low daily watch time (0.9 hours) increased churn risk,Satisfied Loyal,12,10,0.86,6,2,0,45,2196,3,4,1,0,0,0,0,0,0,1,0,0,0,0,0,0,0,0,1,0,1,0
C00338,0.2318186672081309,High satisfaction score (9/10) decreased churn risk,Few support queries (1) decreased churn risk,Few promotional offers used (0) increased churn risk,Satisfied Loyal,3,9,0.63,6,3,1,37,6243,0,4,0,1,0,0,0,0,0,1,0,0,0,0,0,0,1,0,0,0,1,0
C00339,0.0671142758572684,High satisfaction score (9/10) decreased churn risk,Long subscription history (24 months) decreased churn risk,Low engagement rate (4/10) increased churn risk,High-Risk Disengaged,24,9,2.74,4,1,4,70,7257,3,2,0,1,0,0,0,1,0,0,0,0,0,0,0,0,0,1,0,1,0,0
C00340,0.0191741339320413,Many promotional offers used (5) decreased churn risk,High daily watch time (4.7 hours) decreased churn risk,High engagement rate (8/10) decreased churn risk,Low-Satisfaction At-Risk,12,6,4.66,8,3,7,43,8803,5,2,0,0,0,1,0,1,0,0,0,0,0,0,1,0,0,0,0,0,1,0
C00341,0.8305850278219501,Short subscription history (1 months) increased churn risk,Many promotional offers used (4) decreased churn risk,Low engagement rate (4/10) increased churn risk,High-Risk Disengaged,1,4,2.76,4,3,6,24,6543,4,4,0,0,0,0,1,1,0,0,0,0,0,0,0,1,0,0,0,1,0,1
C00342,0.0974862194600074,High satisfaction score (8/10) decreased churn risk,Many promotional offers used (5) decreased churn risk,Frequent support queries (8) increased churn risk,Satisfied Loyal,3,8,3.12,6,3,8,46,2580,5,3,0,0,1,0,0,0,0,0,0,0,1,0,0,0,0,1,0,0,1,0
C00343,0.3999042706160415,High satisfaction score (9/10) decreased churn risk,Low engagement rate (3/10) increased churn risk,Short subscription history (1 months) increased churn risk,High-Risk Disengaged,1,9,3.26,3,1,3,21,5337,3,5,1,0,0,0,0,0,1,0,0,0,0,0,0,0,1,0,0,1,0,0
C00344,0.7036378890643813,Low satisfaction score (1/10) increased churn risk,Long subscription history (24 months) decreased churn risk,Low engagement rate (4/10) increased churn risk,Low-Satisfaction At-Risk,24,1,3.25,4,3,5,62,4015,1,1,0,0,1,0,0,0,0,0,0,0,1,0,0,1,0,0,0,0,1,0
C00345,0.5365702530583252,Frequent support queries (10) increased churn risk,High satisfaction score (8/10) decreased churn risk,High engagement rate (9/10) decreased churn risk,Engaged but Payment-Fragile,12,8,1.57,9,1,10,59,7350,2,1,0,0,1,0,0,0,1,0,0,0,0,0,0,0,1,0,0,1,0,1
C00346,0.5369785772186734,High satisfaction score (9/10) decreased churn risk,Low engagement rate (2/10) increased churn risk,Short subscription history (1 months) increased churn risk,Satisfied Loyal,1,9,1.77,2,2,5,61,7650,3,1,0,0,0,0,1,0,0,0,0,0,1,0,0,0,1,0,0,0,1,0
C00347,0.4387912596563946,Frequent support queries (10) increased churn risk,High satisfaction score (8/10) decreased churn risk,Few promotional offers used (0) increased churn risk,Satisfied Loyal,1,8,4.52,8,3,10,54,1302,0,1,0,0,0,1,0,1,0,0,0,0,0,0,0,1,0,0,0,0,1,1
C00348,0.0113351449659693,High satisfaction score (10/10) decreased churn risk,Many promotional offers used (5) decreased churn risk,Low engagement rate (3/10) increased churn risk,Satisfied Loyal,12,10,4.45,3,1,3,58,3074,5,2,0,1,0,0,0,0,0,0,1,0,0,0,0,0,0,1,0,0,1,0
C00349,0.8225145465264946,Low engagement rate (2/10) increased churn risk,Long subscription history (24 months) decreased churn risk,Frequent support queries (8) increased churn risk,Low-Satisfaction At-Risk,24,4,0.81,2,1,8,36,7239,2,3,0,0,0,0,1,0,0,1,0,0,0,0,0,0,0,1,0,0,1,0
C00350,0.958271327251038,Low satisfaction score (2/10) increased churn risk,Few promotional offers used (0) increased churn risk,Low engagement rate (3/10) increased churn risk,Low-Satisfaction At-Risk,3,2,2.18,3,1,4,64,3254,0,4,0,0,1,0,0,0,0,1,0,0,0,0,0,0,0,1,0,0,1,1
C00351,0.1130779308006015,Few support queries (0) decreased churn risk,High engagement rate (9/10) decreased churn risk,Many promotional offers used (5) decreased churn risk,Engaged but Payment-Fragile,6,4,0.57,9,1,0,27,4821,5,1,0,0,1,0,0,0,0,1,0,0,0,0,0,0,0,1,0,1,0,1
C00352,0.8104136194256485,Low engagement rate (2/10) increased churn risk,Few promotional offers used (0) increased churn risk,Daily watch time (1.7 hours) increased churn risk,Satisfied Loyal,12,6,1.69,2,2,4,49,9586,0,3,1,0,0,0,0,0,1,0,0,0,0,0,0,1,0,0,0,0,1,1
C00353,0.4550453661645456,High satisfaction score (10/10) decreased churn risk,Frequent support queries (8) increased churn risk,Low engagement rate (4/10) increased churn risk,High-Risk Disengaged,12,10,2.01,4,1,8,36,4645,3,1,0,0,1,0,0,1,0,0,0,0,0,0,0,0,1,0,0,1,0,1
C00354,0.0157050697052644,High satisfaction score (10/10) decreased churn risk,High engagement rate (10/10) decreased churn risk,Long subscription history (24 months) decreased churn risk,Satisfied Loyal,24,10,0.87,10,1,7,59,5535,3,4,1,0,0,0,0,0,1,0,0,0,0,0,0,0,0,0,1,0,1,0
C00355,0.8531472702644207,Low engagement rate (2/10) increased churn risk,Many promotional offers used (4) decreased churn risk,Frequent support queries (7) increased churn risk,High-Risk Disengaged,12,4,3.57,2,2,7,70,6126,4,4,0,0,1,0,0,0,0,0,0,1,0,0,1,0,0,0,0,1,0,1
C00356,0.0938319877012898,High satisfaction score (9/10) decreased churn risk,Long subscription history (24 months) decreased churn risk,Frequent support queries (9) increased churn risk,Engaged but Payment-Fragile,24,9,4.11,6,2,9,24,8893,3,4,1,0,0,0,0,0,0,0,1,0,0,0,0,1,0,0,0,1,0,0
C00357,0.0097834949445578,Few support queries (0) decreased churn risk,Many promotional offers used (5) decreased churn risk,High daily watch time (4.2 hours) decreased churn risk,Satisfied Loyal,6,6,4.19,7,2,0,43,953,5,4,0,0,0,0,1,0,0,1,0,0,0,0,0,0,0,0,1,0,1,0
C00358,0.0151147137277991,Long subscription history (24 months) decreased churn risk,Few support queries (1) decreased churn risk,High satisfaction score (7/10) decreased churn risk,Satisfied Loyal,24,7,3.74,5,3,1,35,6162,1,5,1,0,0,0,0,0,0,0,0,0,0,1,1,0,0,0,0,0,1,0
C00359,0.0240728158094852,Many promotional offers used (5) decreased churn risk,Few support queries (2) decreased churn risk,High engagement rate (8/10) decreased churn risk,Low-Satisfaction At-Risk,12,6,2.48,8,2,2,21,813,5,1,0,0,0,0,1,0,0,0,0,1,0,0,0,0,0,0,1,0,1,0
C00360,0.6159520535517108,High engagement rate (8/10) decreased churn risk,Low daily watch time (1.1 hours) increased churn risk,Few promotional offers used (1) increased churn risk,Engaged but Payment-Fragile,6,6,1.11,8,3,6,19,7611,1,1,0,0,0,1,0,0,0,0,0,0,1,0,1,0,0,0,0,1,0,0
C00361,0.6753496360783194,High satisfaction score (10/10) decreased churn risk,Frequent support queries (10) increased churn risk,Low engagement rate (2/10) increased churn risk,Satisfied Loyal,6,10,2.5,2,1,10,31,8804,1,1,0,0,0,0,1,0,0,1,0,0,0,0,1,0,0,0,0,0,1,1
C00362,0.6580697926130682,Low satisfaction score (1/10) increased churn risk,High engagement rate (10/10) decreased churn risk,Support queries logged (3) decreased churn risk,Engaged but Payment-Fragile,6,1,1.99,10,3,3,45,1468,3,3,0,1,0,0,0,0,0,0,1,0,0,0,0,0,1,0,0,1,0,1
C00363,0.0662783810772573,High satisfaction score (9/10) decreased churn risk,High daily watch time (4.5 hours) decreased churn risk,Delayed payment history increased churn risk,Engaged but Payment-Fragile,12,9,4.46,6,2,6,29,8444,2,3,0,0,0,1,0,0,0,0,0,0,0,1,0,0,0,0,1,1,0,0
C00364,0.8302338114327306,Frequent support queries (8) increased churn risk,Low satisfaction score (3/10) increased churn risk,Many promotional offers used (4) decreased churn risk,Low-Satisfaction At-Risk,12,3,1.37,4,3,8,47,3065,4,3,1,0,0,0,0,0,1,0,0,0,0,0,0,0,0,0,1,0,1,1
C00365,0.031668301076666,High engagement rate (9/10) decreased churn risk,High daily watch time (4.9 hours) decreased churn risk,Support queries logged (3) decreased churn risk,Engaged but Payment-Fragile,12,5,4.88,9,3,3,24,3569,3,3,0,1,0,0,0,0,1,0,0,0,0,0,0,0,0,1,0,1,0,0
C00366,0.0083852527685842,High satisfaction score (10/10) decreased churn risk,Few support queries (0) decreased churn risk,Short subscription history (1 months) increased churn risk,Satisfied Loyal,1,10,4.24,4,3,0,26,2409,4,2,0,0,0,0,1,1,0,0,0,0,0,0,1,0,0,0,0,0,1,0
C00367,0.1421454355227798,High engagement rate (9/10) decreased churn risk,Few promotional offers used (0) increased churn risk,High daily watch time (4.5 hours) decreased churn risk,Low-Satisfaction At-Risk,6,6,4.55,9,1,4,32,4808,0,4,1,0,0,0,0,0,0,0,0,0,1,0,0,0,0,0,1,0,1,1
C00368,0.6638290452321838,Few promotional offers used (0) increased churn risk,High daily watch time (4.8 hours) decreased churn risk,Few support queries (2) decreased churn risk,Engaged but Payment-Fragile,1,3,4.85,7,2,2,55,3565,0,1,1,0,0,0,0,0,1,0,0,0,0,0,0,0,0,1,0,1,0,0
C00369,0.6941104280790588,Low engagement rate (1/10) increased churn risk,Few promotional offers used (0) increased churn risk,Few support queries (2) decreased churn risk,Low-Satisfaction At-Risk,12,4,4.11,1,1,2,55,7437,0,3,1,0,0,0,0,0,0,1,0,0,0,0,0,0,0,1,0,0,1,1
C00370,0.6901878997724347,Low satisfaction score (2/10) increased churn risk,High engagement rate (9/10) decreased churn risk,Frequent support queries (8) increased churn risk,Low-Satisfaction At-Risk,3,2,4.29,9,3,8,43,3659,1,4,0,0,0,1,0,0,0,0,1,0,0,0,0,0,0,0,1,0,1,1
C00371,0.0108949985934859,Low satisfaction score (2/10) increased churn risk,Long subscription history (24 months) decreased churn risk,High engagement rate (9/10) decreased churn risk,Low-Satisfaction At-Risk,24,2,3.8,9,1,2,54,6551,5,2,0,0,0,1,0,0,0,1,0,0,0,0,0,0,0,1,0,0,1,0
C00372,0.4375531421653673,Long subscription history (24 months) decreased churn risk,Few promotional offers used (0) increased churn risk,Low satisfaction score (3/10) increased churn risk,Low-Satisfaction At-Risk,24,3,2.28,7,1,4,53,7497,0,1,0,1,0,0,0,0,0,1,0,0,0,0,0,0,1,0,0,0,1,0
C00373,0.916717805789732,Low engagement rate (1/10) increased churn risk,Short subscription history (1 months) increased churn risk,Delayed payment history increased churn risk,High-Risk Disengaged,1,5,3.49,1,1,4,22,7075,2,3,0,0,1,0,0,0,0,1,0,0,0,0,0,0,1,0,0,1,0,1
C00374,0.8959007913313173,Low engagement rate (1/10) increased churn risk,Few support queries (1) decreased churn risk,Few promotional offers used (0) increased churn risk,High-Risk Disengaged,1,4,4.66,1,3,1,34,4860,0,4,0,0,1,0,0,0,0,0,0,0,1,0,0,0,1,0,0,1,0,1
C00375,0.5316187151761995,Low satisfaction score (1/10) increased churn risk,Long subscription history (24 months) decreased churn risk,On-Time payment history decreased churn risk,Low-Satisfaction At-Risk,24,1,1.97,5,3,6,35,7444,3,2,0,1,0,0,0,0,0,0,0,0,1,0,1,0,0,0,0,0,1,0
C00376,0.1641104291311874,High satisfaction score (9/10) decreased churn risk,Long subscription history (24 months) decreased churn risk,Few promotional offers used (0) increased churn risk,Engaged but Payment-Fragile,24,9,1.61,6,3,4,42,9543,0,2,0,0,0,0,1,0,0,0,0,0,1,0,0,0,1,0,0,1,0,0
C00377,0.9183639776847592,Frequent support queries (8) increased churn risk,High engagement rate (8/10) decreased churn risk,Low daily watch time (1.2 hours) increased churn risk,Engaged but Payment-Fragile,3,4,1.16,8,2,8,18,2809,1,3,0,1,0,0,0,0,0,1,0,0,0,0,1,0,0,0,0,1,0,0
C00378,0.1295923031826477,Long subscription history (24 months) decreased churn risk,Many promotional offers used (4) decreased churn risk,Frequent support queries (7) increased churn risk,Engaged but Payment-Fragile,24,5,3.82,6,3,7,61,704,4,2,0,0,0,0,1,0,0,1,0,0,0,0,1,0,0,0,0,1,0,0
C00379,0.4569042890906591,Low satisfaction score (3/10) increased churn risk,Short subscription history (1 months) increased churn risk,Many promotional offers used (4) decreased churn risk,Low-Satisfaction At-Risk,1,3,3.1,6,3,5,31,6388,4,3,1,0,0,0,0,0,0,0,0,0,1,0,0,0,0,1,0,0,1,0
C00380,0.4797784400797861,Low engagement rate (2/10) increased churn risk,Few promotional offers used (0) increased churn risk,Few support queries (2) decreased churn risk,Satisfied Loyal,6,7,4.44,2,3,2,49,897,0,1,0,0,0,0,1,0,0,0,0,1,0,0,0,1,0,0,0,0,1,1
C00381,0.7405333216928769,High satisfaction score (10/10) decreased churn risk,Low engagement rate (1/10) increased churn risk,Frequent support queries (10) increased churn risk,Satisfied Loyal,3,10,1.3,1,1,10,55,2346,5,3,0,1,0,0,0,1,0,0,0,0,0,0,0,0,1,0,0,0,1,0
C00382,0.921779078375058,Low satisfaction score (1/10) increased churn risk,Frequent support queries (9) increased churn risk,High engagement rate (8/10) decreased churn risk,Engaged but Payment-Fragile,12,1,3.55,8,2,9,29,3565,1,3,0,1,0,0,0,0,0,0,0,0,1,0,0,0,0,0,1,1,0,1
C00383,0.5622163795766839,Low engagement rate (3/10) increased churn risk,High daily watch time (4.8 hours) decreased churn risk,Few support queries (2) decreased churn risk,High-Risk Disengaged,12,4,4.81,3,2,2,42,2222,2,4,0,0,0,0,1,0,0,0,0,1,0,0,0,0,0,0,1,1,0,0
C00384,0.0281411452176286,High satisfaction score (10/10) decreased churn risk,Many promotional offers used (5) decreased churn risk,Low engagement rate (4/10) increased churn risk,High-Risk Disengaged,12,10,2.88,4,3,4,26,7165,5,4,0,0,1,0,0,0,0,0,0,0,1,0,0,0,0,1,0,1,0,0
C00385,0.7821319012438048,Frequent support queries (10) increased churn risk,High engagement rate (9/10) decreased churn risk,Many promotional offers used (5) decreased churn risk,Engaged but Payment-Fragile,1,5,0.8,9,3,10,54,3109,5,3,0,0,1,0,0,0,0,1,0,0,0,0,0,0,1,0,0,1,0,0
C00386,0.3527678951706043,High satisfaction score (9/10) decreased churn risk,Low engagement rate (2/10) increased churn risk,Few support queries (1) decreased churn risk,Satisfied Loyal,1,9,2.94,2,2,1,63,9162,0,5,1,0,0,0,0,0,1,0,0,0,0,0,1,0,0,0,0,0,1,0
C00387,0.9852952571037844,Low satisfaction score (1/10) increased churn risk,Frequent support queries (8) increased churn risk,Short subscription history (1 months) increased churn risk,Low-Satisfaction At-Risk,1,1,2.16,6,3,8,54,5090,1,3,0,1,0,0,0,0,0,0,0,1,0,0,0,0,1,0,0,0,1,1
C00388,0.6814329294718076,Long subscription history (24 months) decreased churn risk,Few promotional offers used (0) increased churn risk,Low engagement rate (3/10) increased churn risk,Low-Satisfaction At-Risk,24,3,3.22,3,1,2,66,1576,0,2,0,0,0,1,0,0,0,0,0,1,0,0,0,0,1,0,0,0,1,0
C00389,0.9836254558051925,Low engagement rate (1/10) increased churn risk,Low satisfaction score (2/10) increased churn risk,Frequent support queries (8) increased churn risk,Low-Satisfaction At-Risk,6,2,2.42,1,3,8,70,5182,1,3,0,0,1,0,0,0,0,0,0,0,0,1,0,1,0,0,0,0,1,1
C00390,0.4004511047993625,Many promotional offers used (5) decreased churn risk,Short subscription history (1 months) increased churn risk,Low satisfaction score (4/10) increased churn risk,Low-Satisfaction At-Risk,1,4,2.46,6,1,5,66,6888,5,2,0,0,0,0,1,0,0,0,0,0,0,1,0,0,1,0,0,0,1,0
C00391,0.1251113369292457,Long subscription history (24 months) decreased churn risk,Few support queries (1) decreased churn risk,Low satisfaction score (3/10) increased churn risk,Engaged but Payment-Fragile,24,3,4.22,6,3,1,26,1228,1,2,0,0,0,1,0,0,0,0,0,0,1,0,0,0,0,1,0,1,0,0
C00392,0.6057004105062064,Frequent support queries (10) increased churn risk,Low engagement rate (2/10) increased churn risk,Long subscription history (24 months) decreased churn risk,High-Risk Disengaged,24,7,1.59,2,3,10,38,1274,5,3,0,0,0,0,1,1,0,0,0,0,0,0,0,1,0,0,0,1,0,1
C00393,0.7160507423775562,Low satisfaction score (2/10) increased churn risk,Long subscription history (24 months) decreased churn risk,Few promotional offers used (0) increased churn risk,Low-Satisfaction At-Risk,24,2,4.54,4,2,7,58,3307,0,3,0,0,0,1,0,0,1,0,0,0,0,0,0,1,0,0,0,0,1,1
C00394,0.5174225543356501,Short subscription history (3 months) increased churn risk,On-Time payment history decreased churn risk,Daily watch time (1.8 hours) increased churn risk,Satisfied Loyal,3,6,1.8,6,1,5,29,5300,2,1,1,0,0,0,0,1,0,0,0,0,0,0,0,0,0,1,0,0,1,0
C00395,0.8555037745593074,Low daily watch time (1.0 hours) increased churn risk,Short subscription history (3 months) increased churn risk,Frequent support queries (7) increased churn risk,Engaged but Payment-Fragile,3,5,0.98,7,2,7,30,4086,3,1,0,0,0,0,1,0,0,0,0,1,0,0,1,0,0,0,0,1,0,1
C00396,0.9683252201454136,Low satisfaction score (1/10) increased churn risk,Low engagement rate (2/10) increased churn risk,Few promotional offers used (0) increased churn risk,Low-Satisfaction At-Risk,3,1,2.29,2,2,2,18,5393,0,3,0,0,0,1,0,0,0,0,0,0,1,0,0,0,1,0,0,0,1,1
C00397,0.1123519576147784,Long subscription history (24 months) decreased churn risk,Few support queries (1) decreased churn risk,Low daily watch time (1.3 hours) increased churn risk,Engaged but Payment-Fragile,24,5,1.3,6,3,1,27,1227,4,3,1,0,0,0,0,0,1,0,0,0,0,0,0,0,1,0,0,1,0,0
C00398,0.6528561220315268,Few promotional offers used (0) increased churn risk,Low engagement rate (3/10) increased churn risk,Few support queries (2) decreased churn risk,Low-Satisfaction At-Risk,6,4,3.46,3,3,2,62,1897,0,2,0,0,0,0,1,0,0,0,0,0,1,0,0,0,0,1,0,0,1,1
C00399,0.2716865633853308,High satisfaction score (9/10) decreased churn risk,Frequent support queries (8) increased churn risk,High engagement rate (8/10) decreased churn risk,Engaged but Payment-Fragile,12,9,2.47,8,3,8,52,7879,1,1,0,1,0,0,0,0,0,0,0,0,1,0,0,0,0,0,1,1,0,1
C00400,0.7037931765102889,Frequent support queries (8) increased churn risk,High daily watch time (4.7 hours) decreased churn risk,Low engagement rate (4/10) increased churn risk,Low-Satisfaction At-Risk,6,4,4.73,4,2,8,20,5577,1,1,0,0,1,0,0,0,1,0,0,0,0,0,0,0,0,1,0,0,1,1
C00401,0.0024486821606168,High satisfaction score (9/10) decreased churn risk,Few support queries (0) decreased churn risk,Many promotional offers used (5) decreased churn risk,Satisfied Loyal,12,9,4.93,3,3,0,58,7483,5,2,0,0,0,0,1,0,0,0,0,0,0,1,0,0,0,1,0,0,1,0
C00402,0.5321559295353948,Low satisfaction score (1/10) increased churn risk,Frequent support queries (10) increased churn risk,Long subscription history (24 months) decreased churn risk,Low-Satisfaction At-Risk,24,1,4.61,8,3,10,60,2565,2,3,0,1,0,0,0,0,0,0,0,0,1,0,0,0,1,0,0,0,1,1
C00403,0.8853087923472367,Short subscription history (1 months) increased churn risk,Low daily watch time (1.0 hours) increased churn risk,Delayed payment history increased churn risk,Engaged but Payment-Fragile,1,4,1.0,6,1,5,25,6664,3,5,0,0,0,1,0,1,0,0,0,0,0,0,0,1,0,0,0,1,0,1
C00404,0.0076406371287078,Few support queries (0) decreased churn risk,Many promotional offers used (5) decreased churn risk,High satisfaction score (7/10) decreased churn risk,Satisfied Loyal,3,7,4.56,7,3,0,32,8259,5,5,0,1,0,0,0,1,0,0,0,0,0,0,0,0,1,0,0,0,1,0
C00405,0.0134902019219933,Few support queries (0) decreased churn risk,High satisfaction score (7/10) decreased churn risk,High engagement rate (7/10) decreased churn risk,Satisfied Loyal,12,7,3.03,7,2,0,19,9921,3,2,0,0,1,0,0,1,0,0,0,0,0,0,0,1,0,0,0,0,1,0
C00406,0.5141921828188488,High satisfaction score (10/10) decreased churn risk,Few promotional offers used (0) increased churn risk,Low engagement rate (4/10) increased churn risk,High-Risk Disengaged,6,10,3.38,4,3,7,19,4022,0,1,0,0,0,1,0,0,0,0,0,0,1,0,0,0,0,0,1,1,0,1
C00407,0.6517511185726075,Low engagement rate (3/10) increased churn risk,Low satisfaction score (3/10) increased churn risk,Many promotional offers used (4) decreased churn risk,Low-Satisfaction At-Risk,12,3,4.09,3,1,5,49,2423,4,2,0,1,0,0,0,0,0,0,0,1,0,0,0,0,1,0,0,0,1,1
C00408,0.7764762392913593,Low engagement rate (2/10) increased churn risk,Long subscription history (24 months) decreased churn risk,Few support queries (1) decreased churn risk,High-Risk Disengaged,24,4,0.61,2,1,1,61,5398,1,5,0,0,0,1,0,0,0,0,1,0,0,0,1,0,0,0,0,1,0,1
C00409,0.4368017808605192,High satisfaction score (9/10) decreased churn risk,Few support queries (1) decreased churn risk,Low engagement rate (3/10) increased churn risk,High-Risk Disengaged,1,9,1.24,3,2,1,51,8444,1,4,0,0,0,1,0,0,0,0,0,0,0,1,1,0,0,0,0,1,0,1
C00410,0.7794892282610026,Low satisfaction score (1/10) increased churn risk,Few support queries (0) decreased churn risk,Long subscription history (24 months) decreased churn risk,High-Risk Disengaged,24,1,2.44,4,2,0,28,6693,0,5,1,0,0,0,0,0,0,0,0,0,1,0,0,1,0,0,0,1,0,1
C00411,0.0538403501678087,Low satisfaction score (2/10) increased churn risk,Long subscription history (24 months) decreased churn risk,Few support queries (1) decreased churn risk,Engaged but Payment-Fragile,24,2,4.38,7,2,1,22,5156,4,2,0,1,0,0,0,0,0,0,0,0,1,0,0,0,0,0,1,1,0,0
C00412,0.0315700245914373,Few support queries (0) decreased churn risk,High daily watch time (4.1 hours) decreased churn risk,On-Time payment history decreased churn risk,Satisfied Loyal,12,6,4.09,5,3,0,36,4168,3,5,0,0,1,0,0,1,0,0,0,0,0,0,0,0,1,0,0,0,1,0
C00413,0.8373287242343942,Frequent support queries (10) increased churn risk,High engagement rate (8/10) decreased churn risk,Few promotional offers used (1) increased churn risk,Engaged but Payment-Fragile,6,4,3.56,8,3,10,37,2589,1,4,0,0,1,0,0,0,0,0,0,0,1,0,1,0,0,0,0,1,0,1
C00414,0.4070668516903346,Few support queries (0) decreased churn risk,Short subscription history (1 months) increased churn risk,Delayed payment history increased churn risk,Engaged but Payment-Fragile,1,4,2.05,7,3,0,48,5983,3,4,0,0,0,0,1,0,1,0,0,0,0,0,0,0,1,0,0,1,0,0
C00415,0.0671328049163286,High engagement rate (10/10) decreased churn risk,Low satisfaction score (3/10) increased churn risk,High daily watch time (4.5 hours) decreased churn risk,Low-Satisfaction At-Risk,3,3,4.5,10,2,3,26,5463,3,1,0,1,0,0,0,1,0,0,0,0,0,0,1,0,0,0,0,0,1,0
C00416,0.3632492888413847,High engagement rate (9/10) decreased churn risk,Few promotional offers used (0) increased churn risk,Few support queries (2) decreased churn risk,Engaged but Payment-Fragile,12,4,3.94,9,2,2,70,7337,0,1,1,0,0,0,0,0,1,0,0,0,0,0,0,0,1,0,0,1,0,0
C00417,0.9913723266165856,Low satisfaction score (1/10) increased churn risk,Low engagement rate (1/10) increased churn risk,Few promotional offers used (0) increased churn risk,High-Risk Disengaged,12,1,3.32,1,3,7,40,3088,0,1,0,0,0,0,1,0,1,0,0,0,0,0,0,0,0,0,1,1,0,1
C00418,0.508169777851122,Low satisfaction score (2/10) increased churn risk,High engagement rate (8/10) decreased churn risk,Short subscription history (1 months) increased churn risk,Engaged but Payment-Fragile,1,2,3.3,8,3,3,43,6750,3,5,0,1,0,0,0,0,1,0,0,0,0,0,0,0,0,1,0,1,0,0
C00419,0.0208725825921769,High satisfaction score (9/10) decreased churn risk,High engagement rate (10/10) decreased churn risk,Many promotional offers used (5) decreased churn risk,Satisfied Loyal,3,9,0.78,10,3,2,58,6412,5,5,1,0,0,0,0,0,0,0,0,1,0,0,0,1,0,0,0,0,1,0
C00420,0.9833500813777684,Low engagement rate (1/10) increased churn risk,Few promotional offers used (0) increased churn risk,Low satisfaction score (3/10) increased churn risk,Low-Satisfaction At-Risk,1,3,1.48,1,1,3,34,4565,0,1,0,1,0,0,0,0,0,0,0,0,1,0,0,0,1,0,0,0,1,1
C00421,0.5986653020712455,High satisfaction score (10/10) decreased churn risk,Frequent support queries (10) increased churn risk,Low engagement rate (3/10) increased churn risk,Satisfied Loyal,3,10,1.3,3,3,10,22,6805,4,2,1,0,0,0,0,0,0,0,0,0,1,0,0,0,1,0,0,0,1,1
C00422,0.9157874346978702,High satisfaction score (10/10) decreased churn risk,Low engagement rate (1/10) increased churn risk,Frequent support queries (9) increased churn risk,Satisfied Loyal,12,10,0.52,1,3,9,70,5145,0,4,0,0,0,0,1,0,0,0,0,1,0,0,0,1,0,0,0,0,1,1
C00423,0.853164884842267,Low engagement rate (1/10) increased churn risk,Few support queries (1) decreased churn risk,Low satisfaction score (3/10) increased churn risk,High-Risk Disengaged,12,3,2.04,1,2,1,70,3112,4,5,1,0,0,0,0,0,0,0,0,0,1,0,0,0,1,0,0,1,0,1
C00424,0.0494973666092059,Few support queries (1) decreased churn risk,High engagement rate (9/10) decreased churn risk,High satisfaction score (7/10) decreased churn risk,Engaged but Payment-Fragile,6,7,3.86,9,1,1,31,9659,2,3,0,0,1,0,0,1,0,0,0,0,0,0,0,1,0,0,0,1,0,0
C00425,0.7440035402073707,High satisfaction score (9/10) decreased churn risk,Frequent support queries (10) increased churn risk,Short subscription history (1 months) increased churn risk,Satisfied Loyal,1,9,2.32,4,3,10,47,1889,2,2,0,1,0,0,0,0,0,0,0,1,0,0,1,0,0,0,0,0,1,1
C00426,0.908748048014716,Frequent support queries (10) increased churn risk,Few promotional offers used (0) increased churn risk,High daily watch time (4.6 hours) decreased churn risk,Satisfied Loyal,3,6,4.64,4,1,10,64,6172,0,3,1,0,0,0,0,0,1,0,0,0,0,0,0,1,0,0,0,0,1,1
C00427,0.4370512894998318,Long subscription history (24 months) decreased churn risk,Few promotional offers used (0) increased churn risk,Low engagement rate (3/10) increased churn risk,Satisfied Loyal,24,7,1.34,3,3,6,38,7075,0,5,0,0,0,0,1,0,0,0,1,0,0,0,0,0,0,1,0,0,1,0
C00428,0.0144915666239488,High satisfaction score (10/10) decreased churn risk,High engagement rate (10/10) decreased churn risk,Many promotional offers used (5) decreased churn risk,Engaged but Payment-Fragile,6,10,2.55,10,3,4,59,5050,5,2,0,0,1,0,0,0,0,0,1,0,0,0,0,0,1,0,0,1,0,0
C00429,0.2930164320985108,High engagement rate (9/10) decreased churn risk,Low satisfaction score (3/10) increased churn risk,High daily watch time (4.6 hours) decreased churn risk,Low-Satisfaction At-Risk,1,3,4.63,9,1,4,65,2764,2,4,0,1,0,0,0,0,0,0,0,0,1,0,0,0,0,0,1,0,1,0
C00430,0.9916723303761076,Low satisfaction score (1/10) increased churn risk,Low engagement rate (3/10) increased churn risk,Frequent support queries (8) increased churn risk,High-Risk Disengaged,6,1,2.63,3,2,8,23,7044,2,1,0,1,0,0,0,0,0,0,1,0,0,0,0,0,1,0,0,1,0,1
C00431,0.9450310806247268,Frequent support queries (10) increased churn risk,Low satisfaction score (2/10) increased churn risk,Many promotional offers used (5) decreased churn risk,Engaged but Payment-Fragile,1,2,2.76,6,1,10,45,9261,5,3,0,0,0,1,0,0,0,0,1,0,0,0,0,0,0,0,1,1,0,1
C00432,0.6385011302086083,Low satisfaction score (2/10) increased churn risk,Few support queries (1) decreased churn risk,Short subscription history (1 months) increased churn risk,Engaged but Payment-Fragile,1,2,3.6,6,3,1,53,8904,3,2,0,1,0,0,0,0,0,0,0,1,0,0,1,0,0,0,0,1,0,1
C00433,0.092493970991791,High engagement rate (9/10) decreased churn risk,High satisfaction score (7/10) decreased churn risk,Many promotional offers used (4) decreased churn risk,Satisfied Loyal,6,7,2.39,9,3,7,51,5792,4,2,0,0,1,0,0,0,1,0,0,0,0,0,0,0,1,0,0,0,1,0
C00434,0.765564525395694,Low satisfaction score (1/10) increased churn risk,Few support queries (2) decreased churn risk,High daily watch time (4.6 hours) decreased churn risk,Engaged but Payment-Fragile,3,1,4.59,7,1,2,52,5570,2,3,1,0,0,0,0,0,0,1,0,0,0,0,0,0,1,0,0,1,0,0
C00435,0.2797676728934912,Long subscription history (24 months) decreased churn risk,High engagement rate (9/10) decreased churn risk,Low satisfaction score (3/10) increased churn risk,Low-Satisfaction At-Risk,24,3,1.08,9,1,6,34,4086,3,2,0,1,0,0,0,0,0,0,1,0,0,0,0,0,1,0,0,0,1,1
C00436,0.0336776534173233,Few support queries (0) decreased churn risk,Long subscription history (24 months) decreased churn risk,Many promotional offers used (4) decreased churn risk,Low-Satisfaction At-Risk,24,4,1.68,6,2,0,47,5125,4,5,0,0,1,0,0,0,0,1,0,0,0,0,0,1,0,0,0,0,1,0
C00437,0.0077547798545893,High satisfaction score (8/10) decreased churn risk,Few support queries (2) decreased churn risk,High engagement rate (8/10) decreased churn risk,Satisfied Loyal,1,8,4.3,8,1,2,45,8759,4,1,0,0,1,0,0,0,0,0,0,0,0,1,1,0,0,0,0,0,1,0
C00438,0.0135582629953626,High satisfaction score (9/10) decreased churn risk,High engagement rate (9/10) decreased churn risk,Many promotional offers used (5) decreased churn risk,Engaged but Payment-Fragile,12,9,3.34,9,3,7,53,9447,5,1,0,1,0,0,0,0,0,0,0,0,0,1,1,0,0,0,0,1,0,0
C00439,0.0310507493446655,High satisfaction score (9/10) decreased churn risk,Low engagement rate (2/10) increased churn risk,Few support queries (1) decreased churn risk,Satisfied Loyal,1,9,3.89,2,3,1,53,3343,5,5,0,0,0,0,1,1,0,0,0,0,0,0,1,0,0,0,0,0,1,0
C00440,0.440255524699675,Few support queries (1) decreased churn risk,Low engagement rate (3/10) increased churn risk,High daily watch time (4.5 hours) decreased churn risk,High-Risk Disengaged,12,4,4.5,3,3,1,64,557,2,5,0,0,1,0,0,0,0,0,0,0,1,0,0,1,0,0,0,1,0,0
C00441,0.4713453328286689,High satisfaction score (7/10) decreased churn risk,Short subscription history (1 months) increased churn risk,Low engagement rate (4/10) increased churn risk,High-Risk Disengaged,1,7,3.53,4,2,5,36,5192,3,5,0,0,0,0,1,0,0,0,0,0,1,0,0,0,0,1,0,1,0,0
C00442,0.36655936415184,Few support queries (0) decreased churn risk,Low engagement rate (2/10) increased churn risk,Short subscription history (1 months) increased churn risk,High-Risk Disengaged,1,6,3.86,2,3,0,53,2158,3,3,0,0,0,0,1,1,0,0,0,0,0,0,1,0,0,0,0,1,0,0
C00443,0.8911315881822194,Low satisfaction score (1/10) increased churn risk,Low engagement rate (1/10) increased churn risk,Few support queries (2) decreased churn risk,Low-Satisfaction At-Risk,1,1,2.78,1,2,2,37,5510,4,1,0,0,0,1,0,0,0,0,1,0,0,0,0,1,0,0,0,0,1,0
C00444,0.0067618019111134,Few support queries (0) decreased churn risk,High satisfaction score (8/10) decreased churn risk,Long subscription history (24 months) decreased churn risk,Satisfied Loyal,24,8,2.86,4,3,0,37,7796,3,3,0,0,0,0,1,0,0,0,0,0,0,1,0,1,0,0,0,0,1,0
C00445,0.1661863117175302,High satisfaction score (9/10) decreased churn risk,Low engagement rate (1/10) increased churn risk,Few support queries (1) decreased churn risk,Satisfied Loyal,6,9,1.11,1,2,1,42,1925,5,3,1,0,0,0,0,0,0,0,0,0,1,0,0,1,0,0,0,0,1,0
C00446,0.1920160463453015,Long subscription history (24 months) decreased churn risk,Few promotional offers used (0) increased churn risk,High daily watch time (4.5 hours) decreased churn risk,Engaged but Payment-Fragile,24,6,4.52,6,2,4,51,543,0,1,1,0,0,0,0,1,0,0,0,0,0,0,1,0,0,0,0,1,0,0
C00447,0.739538682735047,Low engagement rate (1/10) increased churn risk,Few support queries (1) decreased churn risk,Short subscription history (1 months) increased churn risk,High-Risk Disengaged,1,5,4.12,1,3,1,25,5730,2,3,0,0,0,1,0,0,0,0,0,0,1,0,0,0,1,0,0,1,0,1
C00448,0.6343619798937463,Frequent support queries (8) increased churn risk,High daily watch time (4.6 hours) decreased churn risk,Short subscription history (1 months) increased churn risk,High-Risk Disengaged,1,6,4.63,5,2,8,48,3088,4,5,0,1,0,0,0,0,0,0,1,0,0,0,0,1,0,0,0,1,0,0
C00449,0.8683823447549086,Low satisfaction score (1/10) increased churn risk,Many promotional offers used (5) decreased churn risk,Low engagement rate (3/10) increased churn risk,Low-Satisfaction At-Risk,3,1,0.9,3,3,3,54,6021,5,3,0,1,0,0,0,1,0,0,0,0,0,0,0,1,0,0,0,0,1,1
C00450,0.8459230618814075,Low engagement rate (1/10) increased churn risk,Few promotional offers used (0) increased churn risk,High daily watch time (4.7 hours) decreased churn risk,High-Risk Disengaged,6,6,4.72,1,2,4,57,6458,0,1,0,1,0,0,0,0,0,0,1,0,0,0,1,0,0,0,0,1,0,1
C00451,0.024189088113455,High satisfaction score (10/10) decreased churn risk,High engagement rate (10/10) decreased churn risk,High daily watch time (4.5 hours) decreased churn risk,Engaged but Payment-Fragile,3,10,4.51,10,3,4,44,5872,2,3,0,1,0,0,0,0,0,0,0,0,1,0,0,0,1,0,0,1,0,0
C00452,0.55389971468825,High satisfaction score (8/10) decreased churn risk,Frequent support queries (9) increased churn risk,Low engagement rate (4/10) increased churn risk,Satisfied Loyal,6,8,1.62,4,2,9,65,8952,3,1,0,0,0,1,0,0,0,0,0,0,1,0,0,0,0,1,0,0,1,0
C00453,0.4272704157054007,Few promotional offers used (0) increased churn risk,High daily watch time (4.3 hours) decreased churn risk,Frequent support queries (7) increased churn risk,Satisfied Loyal,12,6,4.27,5,2,7,25,1607,0,4,0,0,0,0,1,0,0,0,0,0,0,1,0,0,1,0,0,0,1,1
C00454,0.946810043930412,Low satisfaction score (1/10) increased churn risk,Low daily watch time (0.6 hours) increased churn risk,Few support queries (2) decreased churn risk,High-Risk Disengaged,6,1,0.64,5,2,2,31,5059,1,1,0,0,0,0,1,0,0,0,0,0,0,1,0,0,0,0,1,1,0,1
C00455,0.0995332215917184,High satisfaction score (8/10) decreased churn risk,Few promotional offers used (0) increased churn risk,High engagement rate (8/10) decreased churn risk,Satisfied Loyal,6,8,3.9,8,3,6,62,598,0,1,0,0,0,0,1,0,0,0,0,0,0,1,1,0,0,0,0,0,1,0
C00456,0.0604881045664577,Long subscription history (24 months) decreased churn risk,Few support queries (1) decreased churn risk,Many promotional offers used (4) decreased churn risk,Engaged but Payment-Fragile,24,5,2.65,6,1,1,35,8771,4,2,0,0,0,0,1,0,0,0,0,1,0,0,0,0,0,1,0,1,0,0
C00457,0.4370972361109803,Low satisfaction score (3/10) increased churn risk,Short subscription history (1 months) increased churn risk,High daily watch time (4.4 hours) decreased churn risk,Low-Satisfaction At-Risk,1,3,4.44,7,1,6,64,7500,4,2,0,0,0,1,0,0,0,0,0,1,0,0,0,0,0,1,0,0,1,0
C00458,0.5369339800595039,High satisfaction score (10/10) decreased churn risk,Frequent support queries (9) increased churn risk,High engagement rate (8/10) decreased churn risk,Engaged but Payment-Fragile,6,10,1.18,8,3,9,44,3804,1,5,0,0,0,1,0,0,0,0,0,1,0,0,0,0,0,1,0,1,0,0
C00459,0.9682677007558425,Low daily watch time (0.5 hours) increased churn risk,Few promotional offers used (0) increased churn risk,Delayed payment history increased churn risk,High-Risk Disengaged,6,4,0.51,5,3,4,54,3312,0,3,1,0,0,0,0,0,0,1,0,0,0,0,0,0,1,0,0,1,0,1
C00460,0.9772056986943584,Low engagement rate (1/10) increased churn risk,Few promotional offers used (0) increased churn risk,Short subscription history (3 months) increased churn risk,High-Risk Disengaged,3,5,2.93,1,2,7,21,3332,0,1,0,0,0,0,1,0,1,0,0,0,0,0,0,0,0,1,0,1,0,1
C00461,0.1204057199734017,Long subscription history (24 months) decreased churn risk,Few support queries (2) decreased churn risk,Low daily watch time (1.0 hours) increased churn risk,Low-Satisfaction At-Risk,24,4,0.99,7,3,2,53,3746,2,2,0,0,0,0,1,1,0,0,0,0,0,0,0,0,0,0,1,0,1,0
C00462,0.2977907008700582,High satisfaction score (8/10) decreased churn risk,Low daily watch time (0.8 hours) increased churn risk,Delayed payment history increased churn risk,Engaged but Payment-Fragile,12,8,0.81,6,2,4,41,2696,2,5,0,0,0,1,0,0,0,0,0,0,0,1,0,1,0,0,0,1,0,0
C00463,0.0656425925115758,High satisfaction score (10/10) decreased churn risk,Few promotional offers used (0) increased churn risk,Few support queries (2) decreased churn risk,Satisfied Loyal,12,10,3.77,4,2,2,65,2009,0,5,0,0,0,1,0,0,0,0,1,0,0,0,0,0,0,0,1,0,1,0
C00464,0.4062963602615524,Short subscription history (3 months) increased churn risk,Support queries logged (3) decreased churn risk,Few promotional offers used (1) increased churn risk,Low-Satisfaction At-Risk,3,5,2.5,7,1,3,27,2032,1,4,0,0,1,0,0,0,0,1,0,0,0,0,0,1,0,0,0,0,1,0
C00465,0.0116657189270499,High satisfaction score (10/10) decreased churn risk,Few support queries (0) decreased churn risk,Long subscription history (24 months) decreased churn risk,Engaged but Payment-Fragile,24,10,3.79,6,3,0,24,3085,0,3,0,1,0,0,0,0,1,0,0,0,0,0,0,1,0,0,0,1,0,0
C00466,0.7831620857658338,Low satisfaction score (2/10) increased churn risk,Daily watch time (1.7 hours) increased churn risk,On-Time payment history decreased churn risk,Low-Satisfaction At-Risk,6,2,1.69,6,2,6,43,4953,3,5,0,0,1,0,0,0,0,0,0,0,0,1,0,0,1,0,0,0,1,1
C00467,0.9048689558481862,Low satisfaction score (1/10) increased churn risk,Low engagement rate (2/10) increased churn risk,Long subscription history (24 months) decreased churn risk,Low-Satisfaction At-Risk,24,1,3.85,2,1,7,69,3509,2,1,0,0,1,0,0,0,0,0,0,1,0,0,0,1,0,0,0,0,1,0
C00468,0.9027083885542544,Low engagement rate (2/10) increased churn risk,Long subscription history (24 months) decreased churn risk,Few promotional offers used (0) increased churn risk,High-Risk Disengaged,24,7,1.43,2,1,7,60,1300,0,3,0,0,0,0,1,0,0,0,0,0,1,0,0,0,1,0,0,1,0,1
C00469,0.1310605837597961,High satisfaction score (9/10) decreased churn risk,Few promotional offers used (0) increased churn risk,High engagement rate (8/10) decreased churn risk,Engaged but Payment-Fragile,1,9,4.54,8,3,3,27,6791,0,3,1,0,0,0,0,0,0,0,1,0,0,0,0,0,0,0,1,1,0,0
C00470,0.0102766173683809,Few support queries (0) decreased churn risk,High satisfaction score (8/10) decreased churn risk,Long subscription history (24 months) decreased churn risk,Satisfied Loyal,24,8,3.4,5,1,0,59,3885,1,4,0,1,0,0,0,0,0,0,0,0,0,1,0,0,0,1,0,0,1,0
C00471,0.7778445417895138,Frequent support queries (10) increased churn risk,Short subscription history (3 months) increased churn risk,High daily watch time (3.9 hours) decreased churn risk,High-Risk Disengaged,3,6,3.93,5,2,10,24,3282,3,2,1,0,0,0,0,0,0,0,0,0,0,1,0,0,0,0,1,1,0,1
C00472,0.3458504387207604,Low satisfaction score (2/10) increased churn risk,High daily watch time (4.5 hours) decreased churn risk,Many promotional offers used (4) decreased churn risk,Low-Satisfaction At-Risk,12,2,4.47,5,1,6,30,8753,4,1,0,1,0,0,0,0,0,0,0,0,1,0,0,0,0,1,0,0,1,0
C00473,0.0280291871098031,High engagement rate (9/10) decreased churn risk,Few support queries (2) decreased churn risk,High satisfaction score (7/10) decreased churn risk,Satisfied Loyal,3,7,3.11,9,2,2,46,790,4,2,0,1,0,0,0,0,0,0,0,0,1,0,0,0,1,0,0,0,1,0
C00474,0.5771352227950477,High satisfaction score (10/10) decreased churn risk,Frequent support queries (10) increased churn risk,Short subscription history (3 months) increased churn risk,Engaged but Payment-Fragile,3,10,1.52,6,3,10,33,4948,2,5,0,0,0,1,0,0,0,1,0,0,0,0,1,0,0,0,0,1,0,1
C00475,0.2610993378395716,Low satisfaction score (1/10) increased churn risk,High engagement rate (9/10) decreased churn risk,Few support queries (2) decreased churn risk,Low-Satisfaction At-Risk,6,1,2.7,9,3,2,39,3326,3,5,0,0,0,1,0,0,1,0,0,0,0,0,0,1,0,0,0,0,1,0
C00476,0.4735434457603706,High engagement rate (10/10) decreased churn risk,Few support queries (0) decreased churn risk,Low satisfaction score (2/10) increased churn risk,Engaged but Payment-Fragile,3,2,1.78,10,3,0,22,4419,2,2,0,0,0,1,0,0,0,0,0,1,0,0,0,0,0,0,1,1,0,1
C00477,0.0513577215776577,Long subscription history (24 months) decreased churn risk,High engagement rate (9/10) decreased churn risk,Few promotional offers used (0) increased churn risk,Engaged but Payment-Fragile,24,6,3.56,9,2,4,32,5062,0,4,0,0,1,0,0,0,0,0,0,0,0,1,1,0,0,0,0,1,0,0
C00478,0.0441101754470003,Few support queries (0) decreased churn risk,Many promotional offers used (4) decreased churn risk,Delayed payment history increased churn risk,Engaged but Payment-Fragile,12,5,3.8,7,2,0,24,6522,4,4,0,0,0,0,1,0,0,1,0,0,0,0,0,0,1,0,0,1,0,0
C00479,0.1548500566401215,Few support queries (0) decreased churn risk,Many promotional offers used (5) decreased churn risk,Low engagement rate (3/10) increased churn risk,Satisfied Loyal,3,5,1.99,3,1,0,20,736,5,3,0,0,1,0,0,0,0,0,0,0,0,1,0,0,0,0,1,0,1,0
C00480,0.2258303520009993,Few support queries (1) decreased churn risk,Many promotional offers used (5) decreased churn risk,Delayed payment history increased churn risk,High-Risk Disengaged,12,5,3.08,5,1,1,66,4879,5,1,0,0,0,1,0,0,0,0,0,1,0,0,0,0,1,0,0,1,0,0
C00481,0.9420197151225594,Low satisfaction score (2/10) increased churn risk,Short subscription history (3 months) increased churn risk,Few promotional offers used (1) increased churn risk,Engaged but Payment-Fragile,3,2,2.81,6,3,7,39,9163,1,5,0,0,0,1,0,0,0,0,0,0,0,1,0,1,0,0,0,1,0,1
C00482,0.9248858532812616,Low satisfaction score (1/10) increased churn risk,Frequent support queries (8) increased churn risk,High daily watch time (4.4 hours) decreased churn risk,Low-Satisfaction At-Risk,3,1,4.4,4,1,8,50,8953,3,5,0,0,0,0,1,0,0,0,0,1,0,0,0,0,0,1,0,0,1,1
C00483,0.2740374613476853,High satisfaction score (8/10) decreased churn risk,Low engagement rate (3/10) increased churn risk,Frequent support queries (8) increased churn risk,Satisfied Loyal,12,8,3.91,3,1,8,56,6599,4,2,0,0,1,0,0,0,0,0,0,1,0,0,0,0,0,0,1,0,1,0
C00484,0.3088290573239143,Many promotional offers used (4) decreased churn risk,Delayed payment history increased churn risk,High engagement rate (7/10) decreased churn risk,Engaged but Payment-Fragile,6,4,3.75,7,1,4,57,1262,4,4,0,1,0,0,0,0,0,1,0,0,0,0,1,0,0,0,0,1,0,1
C00485,0.505329516082847,High satisfaction score (9/10) decreased churn risk,Low engagement rate (1/10) increased churn risk,Short subscription history (3 months) increased churn risk,High-Risk Disengaged,3,9,2.94,1,2,5,25,8553,3,4,0,0,0,1,0,0,1,0,0,0,0,0,1,0,0,0,0,1,0,1
C00486,0.0313433900865632,High satisfaction score (10/10) decreased churn risk,High engagement rate (10/10) decreased churn risk,Few promotional offers used (1) increased churn risk,Satisfied Loyal,6,10,3.81,10,1,6,56,5970,1,1,0,0,0,1,0,1,0,0,0,0,0,0,0,1,0,0,0,0,1,0
C00487,0.8851697996854333,Low engagement rate (3/10) increased churn risk,Few support queries (2) decreased churn risk,Low satisfaction score (3/10) increased churn risk,High-Risk Disengaged,6,3,2.54,3,3,2,25,1960,2,3,0,1,0,0,0,0,0,0,1,0,0,0,0,0,1,0,0,1,0,1
C00488,0.3273195276323774,High satisfaction score (9/10) decreased churn risk,Frequent support queries (10) increased churn risk,Low engagement rate (2/10) increased churn risk,High-Risk Disengaged,24,9,1.47,2,2,10,48,9357,5,3,0,0,0,0,1,0,1,0,0,0,0,0,1,0,0,0,0,1,0,0
C00489,0.4956856852143301,High satisfaction score (9/10) decreased churn risk,Few promotional offers used (0) increased churn risk,Short subscription history (1 months) increased churn risk,High-Risk Disengaged,1,9,3.66,4,3,3,52,3942,0,4,0,0,1,0,0,0,0,0,1,0,0,0,0,1,0,0,0,1,0,0
C00490,0.4956092216642296,Low satisfaction score (2/10) increased churn risk,High engagement rate (9/10) decreased churn risk,Few support queries (2) decreased churn risk,Low-Satisfaction At-Risk,1,2,1.75,9,2,2,41,5739,2,4,0,1,0,0,0,0,0,1,0,0,0,0,0,1,0,0,0,0,1,0
C00491,0.763996379342831,High satisfaction score (8/10) decreased churn risk,Frequent support queries (9) increased churn risk,Short subscription history (1 months) increased churn risk,High-Risk Disengaged,1,8,1.42,5,2,9,32,3562,4,1,0,1,0,0,0,0,0,1,0,0,0,0,0,1,0,0,0,1,0,1
C00492,0.3113533081036205,High engagement rate (10/10) decreased churn risk,Low satisfaction score (2/10) increased churn risk,Few promotional offers used (0) increased churn risk,Engaged but Payment-Fragile,12,2,4.6,10,2,2,51,6618,0,1,0,0,0,1,0,0,0,0,0,0,1,0,0,1,0,0,0,1,0,0
C00493,0.022353209016986,High satisfaction score (10/10) decreased churn risk,Few support queries (2) decreased churn risk,High engagement rate (8/10) decreased churn risk,Engaged but Payment-Fragile,12,10,1.64,8,3,2,23,1474,3,5,1,0,0,0,0,0,0,0,0,0,1,0,1,0,0,0,0,1,0,0
C00494,0.7537105476561204,Low satisfaction score (1/10) increased churn risk,Few support queries (0) decreased churn risk,Few promotional offers used (0) increased churn risk,Engaged but Payment-Fragile,6,1,4.44,8,1,0,58,2992,0,2,0,1,0,0,0,0,0,0,0,1,0,0,0,1,0,0,0,1,0,1
C00495,0.17962243883091,High engagement rate (8/10) decreased churn risk,Support queries logged (3) decreased churn risk,Low daily watch time (1.4 hours) increased churn risk,Low-Satisfaction At-Risk,12,5,1.44,8,2,3,55,8756,2,1,0,1,0,0,0,0,0,0,0,0,1,0,0,0,0,0,1,0,1,0
C00496,0.9745140616434862,Frequent support queries (10) increased churn risk,Few promotional offers used (0) increased churn risk,Low satisfaction score (3/10) increased churn risk,Low-Satisfaction At-Risk,6,3,2.98,4,3,10,67,1839,0,1,0,0,0,1,0,0,0,1,0,0,0,0,0,1,0,0,0,0,1,1
C00497,0.6244857777135793,High engagement rate (10/10) decreased churn risk,Low satisfaction score (2/10) increased churn risk,Few promotional offers used (0) increased churn risk,Low-Satisfaction At-Risk,6,2,2.49,10,2,6,37,3914,0,3,0,0,0,1,0,0,0,1,0,0,0,0,0,0,0,1,0,0,1,1
C00498,0.0426805732087033,High satisfaction score (9/10) decreased churn risk,High engagement rate (9/10) decreased churn risk,Few support queries (2) decreased churn risk,Engaged but Payment-Fragile,1,9,3.87,9,3,2,34,8059,1,3,0,0,1,0,0,0,0,0,1,0,0,0,1,0,0,0,0,1,0,0
C00499,0.9507384049044296,Low satisfaction score (1/10) increased churn risk,Few promotional offers used (0) increased churn risk,Few support queries (2) decreased churn risk,Engaged but Payment-Fragile,3,1,1.99,6,2,2,68,8029,0,3,0,1,0,0,0,0,0,0,0,0,1,0,1,0,0,0,0,1,0,1
C00500,0.6727132296938297,Frequent support queries (9) increased churn risk,High satisfaction score (7/10) decreased churn risk,Short subscription history (1 months) increased churn risk,Satisfied Loyal,1,7,3.18,6,2,9,70,2760,1,2,0,0,0,0,1,0,0,0,0,0,1,0,1,0,0,0,0,0,1,1
C00501,0.7791820498588294,Low engagement rate (3/10) increased churn risk,High satisfaction score (7/10) decreased churn risk,Short subscription history (3 months) increased churn risk,High-Risk Disengaged,3,7,3.38,3,3,7,64,4824,3,5,0,1,0,0,0,0,0,0,0,1,0,0,0,0,0,1,0,1,0,1
C00502,0.0112475741392754,High satisfaction score (9/10) decreased churn risk,Long subscription history (24 months) decreased churn risk,Few support queries (2) decreased churn risk,Satisfied Loyal,24,9,0.96,5,2,2,18,1465,4,1,0,0,1,0,0,0,0,1,0,0,0,0,0,0,0,0,1,0,1,0
C00503,0.108448620496427,Few support queries (0) decreased churn risk,High satisfaction score (8/10) decreased churn risk,Many promotional offers used (4) decreased churn risk,High-Risk Disengaged,6,8,2.77,5,1,0,58,7248,4,1,0,1,0,0,0,0,0,0,1,0,0,0,0,0,1,0,0,1,0,0
C00504,0.0949922447068549,Few promotional offers used (0) increased churn risk,High daily watch time (4.8 hours) decreased churn risk,High engagement rate (8/10) decreased churn risk,Low-Satisfaction At-Risk,12,5,4.85,8,2,3,36,1810,0,4,0,0,1,0,0,0,1,0,0,0,0,0,0,1,0,0,0,0,1,0
C00505,0.1879792359665287,High engagement rate (10/10) decreased churn risk,Few support queries (0) decreased churn risk,Low satisfaction score (3/10) increased churn risk,Engaged but Payment-Fragile,12,3,0.99,10,2,0,42,4671,2,4,0,0,0,1,0,0,1,0,0,0,0,0,0,0,0,1,0,1,0,0
C00506,0.0288709081526386,High daily watch time (4.9 hours) decreased churn risk,Few support queries (2) decreased churn risk,High satisfaction score (7/10) decreased churn risk,Engaged but Payment-Fragile,12,7,4.93,8,2,2,21,706,2,1,0,0,0,0,1,0,1,0,0,0,0,0,0,0,0,0,1,1,0,0
C00507,0.045478157594376,High satisfaction score (7/10) decreased churn risk,High engagement rate (8/10) decreased churn risk,Many promotional offers used (4) decreased churn risk,Satisfied Loyal,6,7,3.77,8,3,6,30,1137,4,2,1,0,0,0,0,0,0,0,0,0,0,1,0,1,0,0,0,0,1,0
C00508,0.9737356542622332,Low satisfaction score (2/10) increased churn risk,Low daily watch time (1.0 hours) increased churn risk,Short subscription history (1 months) increased churn risk,Engaged but Payment-Fragile,1,2,0.98,6,1,3,65,8097,1,2,0,0,0,1,0,0,0,0,1,0,0,0,0,0,1,0,0,1,0,1
C00509,0.9361022341239392,Few promotional offers used (0) increased churn risk,Frequent support queries (8) increased churn risk,Short subscription history (1 months) increased churn risk,Engaged but Payment-Fragile,1,5,3.71,6,2,8,47,1384,0,5,0,1,0,0,0,0,0,0,0,0,1,0,0,1,0,0,0,1,0,1
C00510,0.1684774659487823,Few support queries (0) decreased churn risk,Low satisfaction score (2/10) increased churn risk,High engagement rate (9/10) decreased churn risk,Engaged but Payment-Fragile,1,2,4.85,9,2,0,61,1879,4,1,0,0,0,1,0,0,0,0,0,1,0,0,1,0,0,0,0,1,0,0
C00511,0.2268850085724279,High satisfaction score (9/10) decreased churn risk,High engagement rate (9/10) decreased churn risk,Frequent support queries (8) increased churn risk,Engaged but Payment-Fragile,6,9,2.31,9,2,8,44,7106,2,1,0,0,1,0,0,0,0,1,0,0,0,0,0,0,0,0,1,1,0,0
C00512,0.6553844392111674,Frequent support queries (9) increased churn risk,High engagement rate (9/10) decreased churn risk,Low daily watch time (1.1 hours) increased churn risk,Engaged but Payment-Fragile,3,4,1.08,9,3,9,32,8511,4,2,0,0,1,0,0,0,0,0,0,0,0,1,1,0,0,0,0,1,0,1
C00513,0.2716721917692214,High engagement rate (10/10) decreased churn risk,High satisfaction score (8/10) decreased churn risk,Short subscription history (1 months) increased churn risk,Engaged but Payment-Fragile,1,8,2.38,10,3,4,44,1043,1,1,1,0,0,0,0,0,1,0,0,0,0,0,0,0,1,0,0,1,0,0
C00514,0.0961714697942707,High engagement rate (10/10) decreased churn risk,High satisfaction score (8/10) decreased churn risk,Delayed payment history increased churn risk,Engaged but Payment-Fragile,6,8,3.69,10,2,6,51,1010,2,4,0,0,0,1,0,0,0,0,1,0,0,0,1,0,0,0,0,1,0,0
C00515,0.120293457075363,High engagement rate (9/10) decreased churn risk,High daily watch time (4.8 hours) decreased churn risk,Frequent support queries (8) increased churn risk,Low-Satisfaction At-Risk,3,6,4.79,9,2,8,44,8963,3,1,0,1,0,0,0,0,0,1,0,0,0,0,0,1,0,0,0,0,1,0
C00516,0.0766243837810946,Low engagement rate (1/10) increased churn risk,Few support queries (0) decreased churn risk,Long subscription history (24 months) decreased churn risk,High-Risk Disengaged,24,7,4.66,1,1,0,70,5717,3,3,0,0,0,1,0,1,0,0,0,0,0,0,0,1,0,0,0,1,0,0
C00517,0.174843577574884,High satisfaction score (8/10) decreased churn risk,Long subscription history (24 months) decreased churn risk,Low engagement rate (4/10) increased churn risk,High-Risk Disengaged,24,8,3.96,4,3,6,37,4957,1,1,0,0,1,0,0,0,0,1,0,0,0,0,0,1,0,0,0,1,0,0
C00518,0.3716388830550602,High engagement rate (8/10) decreased churn risk,Low daily watch time (1.2 hours) increased churn risk,Delayed payment history increased churn risk,Engaged but Payment-Fragile,12,5,1.22,8,2,6,58,9059,3,5,0,0,0,0,1,0,0,0,0,0,0,1,1,0,0,0,0,1,0,0
C00519,0.523833974951035,High engagement rate (10/10) decreased churn risk,Frequent support queries (10) increased churn risk,Long subscription history (24 months) decreased churn risk,Engaged but Payment-Fragile,24,3,0.65,10,3,10,32,6309,3,2,0,0,1,0,0,0,1,0,0,0,0,0,1,0,0,0,0,1,0,1
C00520,0.5086289037149271,Short subscription history (3 months) increased churn risk,Frequent support queries (7) increased churn risk,High engagement rate (7/10) decreased churn risk,Low-Satisfaction At-Risk,3,4,3.75,7,2,7,20,3878,3,3,1,0,0,0,0,0,0,0,0,0,1,0,0,1,0,0,0,0,1,1
C00521,0.6400642430656546,High satisfaction score (9/10) decreased churn risk,Frequent support queries (9) increased churn risk,Few promotional offers used (0) increased churn risk,High-Risk Disengaged,3,9,4.59,4,3,9,20,3766,0,4,0,0,0,0,1,0,1,0,0,0,0,0,0,0,0,1,0,1,0,0
C00522,0.9534865806067204,Frequent support queries (9) increased churn risk,Low daily watch time (0.6 hours) increased churn risk,Low engagement rate (3/10) increased churn risk,High-Risk Disengaged,12,7,0.59,3,1,9,49,9646,2,5,0,0,0,1,0,0,0,0,0,1,0,0,0,0,0,0,1,1,0,0
C00523,0.930012255398492,High satisfaction score (10/10) decreased churn risk,Low engagement rate (1/10) increased churn risk,Frequent support queries (10) increased churn risk,Satisfied Loyal,1,10,1.95,1,1,10,29,7754,1,4,1,0,0,0,0,1,0,0,0,0,0,0,0,0,1,0,0,0,1,1
C00524,0.539703256318997,Frequent support queries (9) increased churn risk,High engagement rate (9/10) decreased churn risk,Few promotional offers used (1) increased churn risk,Engaged but Payment-Fragile,12,5,2.71,9,3,9,26,7194,1,1,0,0,1,0,0,0,0,1,0,0,0,0,1,0,0,0,0,1,0,0
C00525,0.6323955228761412,Frequent support queries (9) increased churn risk,Delayed payment history increased churn risk,High daily watch time (3.8 hours) decreased churn risk,Engaged but Payment-Fragile,6,6,3.78,6,2,9,39,8193,2,4,0,0,0,0,1,0,0,0,0,0,0,1,0,0,0,0,1,1,0,0
C00526,0.2420576805900886,Few support queries (1) decreased churn risk,Few promotional offers used (0) increased churn risk,High engagement rate (7/10) decreased churn risk,Low-Satisfaction At-Risk,6,5,2.69,7,3,1,51,9183,0,1,1,0,0,0,0,0,0,0,0,0,1,0,0,0,0,1,0,0,1,0
C00527,0.7327358661213363,Low satisfaction score (1/10) increased churn risk,High engagement rate (10/10) decreased churn risk,Many promotional offers used (5) decreased churn risk,Engaged but Payment-Fragile,3,1,2.1,10,1,7,51,8075,5,3,1,0,0,0,0,0,1,0,0,0,0,0,0,0,0,1,0,1,0,1
C00528,0.1285710442276686,Low satisfaction score (2/10) increased churn risk,High engagement rate (9/10) decreased churn risk,Few support queries (2) decreased churn risk,Low-Satisfaction At-Risk,6,2,2.48,9,3,2,19,6963,4,2,0,0,0,1,0,0,0,0,0,0,1,0,0,1,0,0,0,0,1,0
C00529,0.5433203707137166,Frequent support queries (10) increased churn risk,Short subscription history (1 months) increased churn risk,High daily watch time (4.3 hours) decreased churn risk,Satisfied Loyal,1,6,4.32,6,1,10,66,4053,3,5,0,0,1,0,0,1,0,0,0,0,0,0,1,0,0,0,0,0,1,0
C00530,0.2421620487081628,High daily watch time (4.7 hours) decreased churn risk,High satisfaction score (7/10) decreased churn risk,Short subscription history (3 months) increased churn risk,Engaged but Payment-Fragile,3,7,4.71,6,2,4,28,9531,1,5,0,0,1,0,0,1,0,0,0,0,0,0,0,0,0,1,0,1,0,0
C00531,0.5499657316696106,Long subscription history (24 months) decreased churn risk,Few support queries (1) decreased churn risk,Few promotional offers used (0) increased churn risk,Engaged but Payment-Fragile,24,3,1.34,7,1,1,35,660,0,1,1,0,0,0,0,0,0,0,0,0,0,1,0,0,1,0,0,1,0,0
C00532,0.7507082875481951,Low engagement rate (2/10) increased churn risk,Frequent support queries (8) increased churn risk,High satisfaction score (7/10) decreased churn risk,High-Risk Disengaged,12,7,4.02,2,3,8,53,4902,1,3,1,0,0,0,0,0,0,0,0,0,0,1,1,0,0,0,0,1,0,1
C00533,0.9007341437390802,Low satisfaction score (2/10) increased churn risk,Low daily watch time (0.6 hours) increased churn risk,Few support queries (2) decreased churn risk,Engaged but Payment-Fragile,1,2,0.55,8,3,2,47,5785,2,3,0,0,1,0,0,0,0,0,0,1,0,0,0,1,0,0,0,1,0,1
C00534,0.1370274834705976,High satisfaction score (9/10) decreased churn risk,Few support queries (0) decreased churn risk,Low engagement rate (4/10) increased churn risk,High-Risk Disengaged,6,9,2.25,4,3,0,68,6448,2,1,0,0,0,0,1,0,0,0,1,0,0,0,0,0,0,1,0,1,0,0
C00535,0.7172290052763625,Low satisfaction score (2/10) increased churn risk,Few promotional offers used (0) increased churn risk,Few support queries (2) decreased churn risk,Low-Satisfaction At-Risk,12,2,2.31,5,3,2,40,1700,0,1,0,0,1,0,0,0,1,0,0,0,0,0,0,1,0,0,0,0,1,0
C00536,0.7608669149384581,Low satisfaction score (2/10) increased churn risk,Low engagement rate (2/10) increased churn risk,Few support queries (2) decreased churn risk,Low-Satisfaction At-Risk,6,2,4.73,2,3,2,34,3395,1,5,0,0,0,0,1,0,0,0,0,1,0,0,1,0,0,0,0,0,1,1
C00537,0.8736038059120386,Low daily watch time (1.1 hours) increased churn risk,Frequent support queries (7) increased churn risk,Low satisfaction score (4/10) increased churn risk,Low-Satisfaction At-Risk,6,4,1.12,5,3,7,19,9356,2,2,0,1,0,0,0,0,0,0,1,0,0,0,0,0,1,0,0,0,1,1
C00538,0.9812747366708696,Low satisfaction score (2/10) increased churn risk,Low daily watch time (0.5 hours) increased churn risk,Low engagement rate (3/10) increased churn risk,High-Risk Disengaged,12,2,0.5,3,2,7,18,8523,2,5,0,0,1,0,0,0,0,0,0,0,1,0,0,0,0,0,1,1,0,1
C00539,0.2004850620436245,High satisfaction score (8/10) decreased churn risk,Long subscription history (24 months) decreased churn risk,Low daily watch time (0.9 hours) increased churn risk,Engaged but Payment-Fragile,24,8,0.87,7,2,6,46,9446,2,4,1,0,0,0,0,0,0,1,0,0,0,0,0,0,0,0,1,1,0,0
C00540,0.0069931015262437,High satisfaction score (10/10) decreased churn risk,Long subscription history (24 months) decreased churn risk,Many promotional offers used (5) decreased churn risk,Engaged but Payment-Fragile,24,10,4.03,8,3,7,44,4761,5,4,0,0,1,0,0,0,0,0,1,0,0,0,0,0,1,0,0,1,0,0
C00541,0.571358711758564,Low engagement rate (1/10) increased churn risk,High satisfaction score (7/10) decreased churn risk,Many promotional offers used (4) decreased churn risk,Satisfied Loyal,3,7,2.42,1,2,6,45,6987,4,3,0,1,0,0,0,0,1,0,0,0,0,0,1,0,0,0,0,0,1,1
C00542,0.1792323900643213,Long subscription history (24 months) decreased churn risk,High engagement rate (9/10) decreased churn risk,Many promotional offers used (5) decreased churn risk,Engaged but Payment-Fragile,24,3,0.72,9,1,5,47,1911,5,1,0,0,0,1,0,0,1,0,0,0,0,0,1,0,0,0,0,1,0,0
C00543,0.8667808684296356,Low satisfaction score (3/10) increased churn risk,Short subscription history (1 months) increased churn risk,Low engagement rate (4/10) increased churn risk,High-Risk Disengaged,1,3,2.33,4,3,4,55,5357,3,1,0,0,1,0,0,0,0,0,0,0,1,0,0,0,0,1,0,1,0,1
C00544,0.164805985575764,High satisfaction score (10/10) decreased churn risk,Few support queries (0) decreased churn risk,Few promotional offers used (0) increased churn risk,Engaged but Payment-Fragile,3,10,1.42,8,1,0,18,2087,0,3,1,0,0,0,0,0,0,1,0,0,0,0,0,0,1,0,0,1,0,0
C00545,0.6413744515386887,Many promotional offers used (5) decreased churn risk,Frequent support queries (7) increased churn risk,Delayed payment history increased churn risk,Engaged but Payment-Fragile,6,4,2.77,7,1,7,64,2088,5,5,0,0,0,0,1,0,0,0,1,0,0,0,0,1,0,0,0,1,0,0
C00546,0.7627962036796503,Few promotional offers used (0) increased churn risk,Short subscription history (1 months) increased churn risk,Frequent support queries (7) increased churn risk,Satisfied Loyal,1,6,3.67,5,3,7,47,9162,0,2,0,0,0,0,1,0,0,0,0,1,0,0,1,0,0,0,0,0,1,0
C00547,0.1922076824181032,Low satisfaction score (1/10) increased churn risk,Long subscription history (24 months) decreased churn risk,Few support queries (1) decreased churn risk,Low-Satisfaction At-Risk,24,1,2.46,9,3,1,54,4212,1,3,0,0,0,1,0,0,0,0,0,1,0,0,0,1,0,0,0,0,1,0
C00548,0.5829533144809261,Low engagement rate (3/10) increased churn risk,High daily watch time (4.6 hours) decreased churn risk,Short subscription history (3 months) increased churn risk,High-Risk Disengaged,3,4,4.6,3,3,3,30,1767,3,2,1,0,0,0,0,0,0,0,0,0,0,1,0,0,0,0,1,1,0,1
C00549,0.9642097959692176,Low engagement rate (2/10) increased churn risk,Low satisfaction score (3/10) increased churn risk,Low daily watch time (0.9 hours) increased churn risk,Low-Satisfaction At-Risk,3,3,0.88,2,2,6,66,3355,4,1,1,0,0,0,0,0,0,0,0,0,1,0,0,0,1,0,0,0,1,1
C00550,0.5244004185721969,Few support queries (0) decreased churn risk,Low daily watch time (0.9 hours) increased churn risk,High engagement rate (8/10) decreased churn risk,Engaged but Payment-Fragile,3,4,0.89,8,1,0,21,3376,2,1,0,1,0,0,0,1,0,0,0,0,0,0,0,0,0,0,1,1,0,1
C00551,0.0429677397049508,High satisfaction score (10/10) decreased churn risk,Few support queries (1) decreased churn risk,High engagement rate (9/10) decreased churn risk,Satisfied Loyal,3,10,1.57,9,2,1,54,7893,0,2,0,0,0,1,0,0,0,0,1,0,0,0,0,0,0,0,1,0,1,0
C00552,0.8404238531541154,Few promotional offers used (0) increased churn risk,High satisfaction score (7/10) decreased churn risk,Low daily watch time (0.9 hours) increased churn risk,Engaged but Payment-Fragile,1,7,0.92,7,2,4,33,7995,0,1,0,0,0,1,0,0,0,0,0,1,0,0,0,1,0,0,0,1,0,1
C00553,0.0625351943456052,High satisfaction score (10/10) decreased churn risk,Long subscription history (24 months) decreased churn risk,Low daily watch time (1.0 hours) increased churn risk,Engaged but Payment-Fragile,24,10,0.96,6,1,5,26,2921,4,4,0,0,0,0,1,0,0,0,0,1,0,0,0,0,0,0,1,1,0,0
C00554,0.014859970487369,High satisfaction score (10/10) decreased churn risk,High engagement rate (10/10) decreased churn risk,Many promotional offers used (4) decreased churn risk,Engaged but Payment-Fragile,12,10,1.86,10,3,4,32,2456,4,1,0,0,0,1,0,1,0,0,0,0,0,0,0,0,1,0,0,1,0,0
C00555,0.8357958763190919,Low engagement rate (1/10) increased churn risk,Low satisfaction score (2/10) increased churn risk,Support queries logged (3) decreased churn risk,High-Risk Disengaged,12,2,3.21,1,1,3,28,1231,3,5,0,1,0,0,0,0,0,0,0,0,0,1,0,0,0,1,0,1,0,1
C00556,0.968623322149248,Short subscription history (3 months) increased churn risk,Few promotional offers used (1) increased churn risk,Frequent support queries (7) increased churn risk,High-Risk Disengaged,3,4,2.8,5,1,7,44,3950,1,2,1,0,0,0,0,0,0,0,0,1,0,0,1,0,0,0,0,1,0,1
C00557,0.6075261872533554,High satisfaction score (9/10) decreased churn risk,Frequent support queries (9) increased churn risk,Low daily watch time (1.1 hours) increased churn risk,Satisfied Loyal,6,9,1.05,5,1,9,34,8297,1,5,0,0,0,1,0,0,0,1,0,0,0,0,1,0,0,0,0,0,1,1
C00558,0.1457364861474196,Long subscription history (24 months) decreased churn risk,High daily watch time (3.9 hours) decreased churn risk,Delayed payment history increased churn risk,Engaged but Payment-Fragile,24,4,3.91,6,1,5,20,4026,3,2,0,0,1,0,0,0,0,1,0,0,0,0,0,0,0,1,0,1,0,0
C00559,0.8029841583586257,Frequent support queries (9) increased churn risk,Few promotional offers used (0) increased churn risk,High satisfaction score (7/10) decreased churn risk,Engaged but Payment-Fragile,1,7,3.32,7,3,9,25,909,0,3,0,0,0,1,0,0,0,0,1,0,0,0,1,0,0,0,0,1,0,1
C00560,0.0707049359290365,High satisfaction score (8/10) decreased churn risk,High engagement rate (9/10) decreased churn risk,Short subscription history (3 months) increased churn risk,Satisfied Loyal,3,8,3.08,9,1,3,60,9799,1,1,0,0,1,0,0,0,0,0,1,0,0,0,0,0,0,0,1,0,1,0
C00561,0.1166904189448914,High engagement rate (9/10) decreased churn risk,Many promotional offers used (5) decreased churn risk,Short subscription history (3 months) increased churn risk,Low-Satisfaction At-Risk,3,5,1.56,9,2,4,67,8462,5,1,1,0,0,0,0,1,0,0,0,0,0,0,0,0,0,1,0,0,1,0
C00562,0.446708392344003,Low satisfaction score (1/10) increased churn risk,Few support queries (1) decreased churn risk,High daily watch time (4.7 hours) decreased churn risk,Engaged but Payment-Fragile,12,1,4.69,7,3,1,45,6955,2,1,1,0,0,0,0,0,0,0,0,0,1,0,0,0,1,0,0,1,0,1
C00563,0.1148930425381623,High engagement rate (10/10) decreased churn risk,Long subscription history (24 months) decreased churn risk,Delayed payment history increased churn risk,Engaged but Payment-Fragile,24,4,3.13,10,3,6,64,7085,3,5,1,0,0,0,0,1,0,0,0,0,0,0,0,0,0,0,1,1,0,0
C00564,0.9701688352598103,Low satisfaction score (1/10) increased churn risk,High engagement rate (10/10) decreased churn risk,Frequent support queries (10) increased churn risk,Low-Satisfaction At-Risk,1,1,1.44,10,2,10,20,5587,0,4,1,0,0,0,0,0,0,1,0,0,0,0,0,0,0,0,1,0,1,1
C00565,0.9867168517556748,Low engagement rate (1/10) increased churn risk,Low satisfaction score (3/10) increased churn risk,Low daily watch time (0.8 hours) increased churn risk,Low-Satisfaction At-Risk,1,3,0.8,1,1,5,31,7530,2,3,0,0,0,0,1,0,0,0,0,1,0,0,0,1,0,0,0,0,1,1
C00566,0.0421012504310477,Few support queries (1) decreased churn risk,Many promotional offers used (5) decreased churn risk,Low engagement rate (3/10) increased churn risk,High-Risk Disengaged,12,7,4.34,3,2,1,49,6099,5,3,0,1,0,0,0,0,1,0,0,0,0,0,0,0,0,1,0,1,0,0
C00567,0.6219041260446458,Long subscription history (24 months) decreased churn risk,Low engagement rate (3/10) increased churn risk,Frequent support queries (7) increased churn risk,High-Risk Disengaged,24,6,2.3,3,1,7,50,5771,2,4,0,1,0,0,0,0,0,0,0,0,0,1,0,1,0,0,0,1,0,1
C00568,0.0437052978787567,High satisfaction score (9/10) decreased churn risk,Long subscription history (24 months) decreased churn risk,Frequent support queries (8) increased churn risk,Satisfied Loyal,24,9,3.95,6,3,8,19,7926,1,4,0,1,0,0,0,0,0,0,1,0,0,0,0,0,0,0,1,0,1,0
C00569,0.0906961391415055,Low engagement rate (2/10) increased churn risk,Long subscription history (24 months) decreased churn risk,High satisfaction score (7/10) decreased churn risk,Satisfied Loyal,24,7,3.22,2,2,4,34,1405,4,4,0,0,0,0,1,0,0,0,0,1,0,0,0,0,0,0,1,0,1,0
C00570,0.1073892799633301,Frequent support queries (10) increased churn risk,High satisfaction score (8/10) decreased churn risk,Long subscription history (24 months) decreased churn risk,Satisfied Loyal,24,8,1.81,5,2,10,28,8426,4,2,0,0,0,1,0,0,0,0,0,0,1,0,1,0,0,0,0,0,1,0
C00571,0.0900972674416805,High satisfaction score (9/10) decreased churn risk,High engagement rate (9/10) decreased churn risk,Many promotional offers used (5) decreased churn risk,Engaged but Payment-Fragile,1,9,3.98,9,2,8,62,2551,5,1,0,0,0,0,1,0,0,0,1,0,0,0,0,1,0,0,0,1,0,0
C00572,0.2172455384115854,Low engagement rate (1/10) increased churn risk,Few support queries (0) decreased churn risk,On-Time payment history decreased churn risk,Satisfied Loyal,12,6,3.6,1,3,0,67,1824,2,2,0,0,1,0,0,0,0,0,1,0,0,0,0,0,0,0,1,0,1,0
C00573,0.8922051993813892,Few promotional offers used (0) increased churn risk,Low engagement rate (3/10) increased churn risk,Delayed payment history increased churn risk,High-Risk Disengaged,12,5,3.15,3,1,6,54,3572,0,4,0,1,0,0,0,0,0,0,0,0,0,1,0,0,0,0,1,1,0,1
C00574,0.1672263031546772,High satisfaction score (10/10) decreased churn risk,Low engagement rate (3/10) increased churn risk,Short subscription history (1 months) increased churn risk,High-Risk Disengaged,1,10,4.12,3,1,5,65,9048,4,1,0,1,0,0,0,0,0,0,0,0,0,1,0,0,0,0,1,1,0,0
C00575,0.5100723618191314,High satisfaction score (10/10) decreased churn risk,Low engagement rate (2/10) increased churn risk,Few support queries (2) decreased churn risk,High-Risk Disengaged,3,10,1.04,2,3,2,33,9942,2,5,0,1,0,0,0,0,0,0,0,0,1,0,0,0,1,0,0,1,0,0
C00576,0.8365684389747582,Frequent support queries (9) increased churn risk,Low engagement rate (3/10) increased churn risk,High daily watch time (4.7 hours) decreased churn risk,Satisfied Loyal,1,7,4.68,3,1,9,44,9874,1,1,1,0,0,0,0,0,0,0,1,0,0,0,0,1,0,0,0,0,1,1
C00577,0.2469242407359911,Frequent support queries (10) increased churn risk,Many promotional offers used (5) decreased churn risk,High daily watch time (4.7 hours) decreased churn risk,Low-Satisfaction At-Risk,12,5,4.72,6,2,10,59,1614,5,3,0,0,1,0,0,0,0,0,0,1,0,0,1,0,0,0,0,0,1,0
C00578,0.1395479457127308,Few support queries (0) decreased churn risk,Low satisfaction score (2/10) increased churn risk,High engagement rate (9/10) decreased churn risk,Low-Satisfaction At-Risk,6,2,2.34,9,1,0,66,5894,4,1,0,0,1,0,0,0,1,0,0,0,0,0,0,0,1,0,0,0,1,0
C00579,0.4636593732784591,Low engagement rate (2/10) increased churn risk,Few support queries (1) decreased churn risk,Short subscription history (3 months) increased churn risk,High-Risk Disengaged,3,5,4.12,2,3,1,45,5574,3,4,0,0,1,0,0,0,0,0,1,0,0,0,1,0,0,0,0,1,0,0
C00580,0.0133361842032055,High satisfaction score (8/10) decreased churn risk,Many promotional offers used (5) decreased churn risk,High engagement rate (8/10) decreased churn risk,Satisfied Loyal,6,8,3.39,8,1,3,33,4415,5,5,0,0,0,0,1,0,0,1,0,0,0,0,0,0,1,0,0,0,1,0
C00581,0.597423501030744,High satisfaction score (7/10) decreased churn risk,Short subscription history (1 months) increased churn risk,Few promotional offers used (1) increased churn risk,Satisfied Loyal,1,7,1.89,6,2,7,44,1208,1,1,0,0,0,1,0,0,0,0,0,0,0,1,0,0,0,0,1,0,1,1
C00582,0.8249354483233178,Low engagement rate (2/10) increased churn risk,Short subscription history (1 months) increased churn risk,Support queries logged (3) decreased churn risk,Low-Satisfaction At-Risk,1,4,3.8,2,2,3,52,1700,2,4,1,0,0,0,0,0,0,0,0,1,0,0,1,0,0,0,0,0,1,1
C00583,0.9739756912552994,Few promotional offers used (0) increased churn risk,Low satisfaction score (3/10) increased churn risk,High engagement rate (8/10) decreased churn risk,Engaged but Payment-Fragile,3,3,2.56,8,2,7,68,2452,0,5,1,0,0,0,0,0,0,0,0,1,0,0,0,1,0,0,0,1,0,1
C00584,0.7346694159175627,Few support queries (0) decreased churn risk,Low engagement rate (2/10) increased churn risk,Low satisfaction score (3/10) increased churn risk,High-Risk Disengaged,6,3,1.81,2,3,0,47,2190,4,2,0,0,0,1,0,0,1,0,0,0,0,0,0,1,0,0,0,1,0,0
C00585,0.2602666286261898,High satisfaction score (9/10) decreased churn risk,Low engagement rate (2/10) increased churn risk,Short subscription history (3 months) increased churn risk,Satisfied Loyal,3,9,4.0,2,2,4,53,1972,2,5,0,0,0,0,1,0,0,0,0,0,1,0,0,1,0,0,0,0,1,1
C00586,0.0074273408522657,High engagement rate (10/10) decreased churn risk,Few support queries (0) decreased churn risk,Low satisfaction score (2/10) increased churn risk,Engaged but Payment-Fragile,24,2,4.73,10,2,0,23,510,4,1,0,0,0,0,1,0,0,0,0,0,0,1,1,0,0,0,0,1,0,0
C00587,0.5362190904522688,Low satisfaction score (2/10) increased churn risk,Many promotional offers used (5) decreased churn risk,Short subscription history (3 months) increased churn risk,Low-Satisfaction At-Risk,3,2,3.92,4,1,4,64,9950,5,4,1,0,0,0,0,0,0,0,0,0,1,0,1,0,0,0,0,0,1,0
C00588,0.0072914000917699,High satisfaction score (10/10) decreased churn risk,High engagement rate (10/10) decreased churn risk,Few support queries (1) decreased churn risk,Engaged but Payment-Fragile,1,10,3.87,10,1,1,64,9231,4,4,0,1,0,0,0,1,0,0,0,0,0,0,0,0,0,0,1,1,0,0
C00589,0.464923238197997,High satisfaction score (9/10) decreased churn risk,Low engagement rate (2/10) increased churn risk,Frequent support queries (8) increased churn risk,Satisfied Loyal,12,9,2.86,2,2,8,45,9989,1,5,0,1,0,0,0,0,0,0,0,0,0,1,0,1,0,0,0,0,1,1
C00590,0.0402737050427942,High satisfaction score (9/10) decreased churn risk,Few support queries (0) decreased churn risk,Short subscription history (1 months) increased churn risk,Engaged but Payment-Fragile,1,9,2.95,6,1,0,27,8680,4,4,0,0,1,0,0,0,0,1,0,0,0,0,0,1,0,0,0,1,0,0
C00591,0.9744431196646052,Low satisfaction score (2/10) increased churn risk,Frequent support queries (9) increased churn risk,Low engagement rate (4/10) increased churn risk,High-Risk Disengaged,6,2,1.6,4,3,9,44,8893,3,1,0,1,0,0,0,0,1,0,0,0,0,0,0,0,0,1,0,1,0,1
C00592,0.0495161983572683,High engagement rate (10/10) decreased churn risk,Low satisfaction score (2/10) increased churn risk,Many promotional offers used (5) decreased churn risk,Low-Satisfaction At-Risk,12,2,3.92,10,1,3,60,3993,5,3,1,0,0,0,0,0,0,0,1,0,0,0,1,0,0,0,0,0,1,0
C00593,0.3940952613909332,Low engagement rate (1/10) increased churn risk,Many promotional offers used (5) decreased churn risk,Support queries logged (3) decreased churn risk,Low-Satisfaction At-Risk,12,4,2.89,1,2,3,50,8599,5,4,0,0,1,0,0,0,0,1,0,0,0,0,0,0,1,0,0,0,1,1
C00594,0.1128095763582717,High satisfaction score (9/10) decreased churn risk,High engagement rate (9/10) decreased churn risk,Few promotional offers used (0) increased churn risk,Engaged but Payment-Fragile,12,9,4.71,9,3,8,34,906,0,4,0,1,0,0,0,0,0,0,1,0,0,0,0,0,0,1,0,1,0,0
C00595,0.1662510517492662,High engagement rate (10/10) decreased churn risk,Frequent support queries (9) increased churn risk,Many promotional offers used (5) decreased churn risk,Satisfied Loyal,1,7,2.17,10,1,9,61,7525,5,4,1,0,0,0,0,0,0,0,1,0,0,0,1,0,0,0,0,0,1,0
C00596,0.3170736047741316,Low engagement rate (2/10) increased churn risk,Long subscription history (24 months) decreased churn risk,Many promotional offers used (4) decreased churn risk,Satisfied Loyal,24,5,3.36,2,1,7,26,5516,4,2,0,0,1,0,0,0,0,0,0,1,0,0,0,0,0,1,0,0,1,0
C00597,0.2012986454480112,High engagement rate (9/10) decreased churn risk,Few promotional offers used (0) increased churn risk,High satisfaction score (7/10) decreased churn risk,Satisfied Loyal,3,7,4.39,9,1,6,55,9651,0,3,0,0,0,0,1,0,0,0,0,0,1,0,0,1,0,0,0,0,1,0
C00598,0.7083536364129036,Low engagement rate (2/10) increased churn risk,Many promotional offers used (5) decreased churn risk,Short subscription history (1 months) increased churn risk,High-Risk Disengaged,1,4,4.08,2,2,5,18,4197,5,4,0,1,0,0,0,1,0,0,0,0,0,0,1,0,0,0,0,1,0,1
C00599,0.63784494831378,High engagement rate (9/10) decreased churn risk,Few promotional offers used (0) increased churn risk,Frequent support queries (8) increased churn risk,Satisfied Loyal,1,7,0.97,9,3,8,29,8992,0,1,0,0,0,1,0,0,0,0,0,0,1,0,0,1,0,0,0,0,1,0
C00600,0.1417055617546868,High satisfaction score (10/10) decreased churn risk,Low engagement rate (2/10) increased churn risk,Few support queries (1) decreased churn risk,High-Risk Disengaged,12,10,4.59,2,2,1,25,6944,0,5,0,1,0,0,0,0,0,1,0,0,0,0,0,0,1,0,0,1,0,0
C00601,0.4487317460129736,Many promotional offers used (5) decreased churn risk,Low engagement rate (3/10) increased churn risk,Low satisfaction score (3/10) increased churn risk,Low-Satisfaction At-Risk,1,3,2.7,3,3,3,47,7139,5,3,1,0,0,0,0,0,0,0,0,0,0,1,0,0,0,1,0,0,1,1
C00602,0.8617047032905191,Low engagement rate (1/10) increased churn risk,High satisfaction score (7/10) decreased churn risk,Low daily watch time (1.4 hours) increased churn risk,High-Risk Disengaged,12,7,1.35,1,2,7,69,6224,3,1,0,1,0,0,0,0,1,0,0,0,0,0,1,0,0,0,0,1,0,1
C00603,0.6150686113616464,Low engagement rate (1/10) increased churn risk,Low satisfaction score (3/10) increased churn risk,Many promotional offers used (4) decreased churn risk,Low-Satisfaction At-Risk,12,3,2.67,1,2,3,21,6574,4,4,1,0,0,0,0,0,1,0,0,0,0,0,0,0,0,0,1,0,1,0
C00604,0.1113476940422094,High satisfaction score (9/10) decreased churn risk,Frequent support queries (8) increased churn risk,Many promotional offers used (4) decreased churn risk,Satisfied Loyal,12,9,1.61,7,1,8,62,4425,4,4,0,1,0,0,0,1,0,0,0,0,0,0,0,0,0,0,1,0,1,0
C00605,0.1596477971623972,High engagement rate (10/10) decreased churn risk,High daily watch time (4.4 hours) decreased churn risk,Short subscription history (3 months) increased churn risk,Engaged but Payment-Fragile,3,6,4.38,10,3,6,42,1669,2,3,0,1,0,0,0,0,0,0,0,0,0,1,0,1,0,0,0,1,0,0
C00606,0.0698637375829961,Long subscription history (24 months) decreased churn risk,High engagement rate (9/10) decreased churn risk,Frequent support queries (8) increased churn risk,Engaged but Payment-Fragile,24,5,4.72,9,2,8,29,8797,3,1,0,1,0,0,0,0,1,0,0,0,0,0,0,0,0,0,1,1,0,0
C00607,0.6375169314857545,Many promotional offers used (4) decreased churn risk,Frequent support queries (7) increased churn risk,Delayed payment history increased churn risk,High-Risk Disengaged,6,6,2.7,5,2,7,28,6859,4,2,1,0,0,0,0,0,1,0,0,0,0,0,0,1,0,0,0,1,0,1
C00608,0.8219582800103699,Low engagement rate (1/10) increased churn risk,Low satisfaction score (2/10) increased churn risk,Many promotional offers used (5) decreased churn risk,High-Risk Disengaged,6,2,2.73,1,2,3,18,3173,5,4,0,1,0,0,0,0,0,0,0,0,0,1,0,0,0,0,1,1,0,1
C00609,0.9052255420988146,Low satisfaction score (1/10) increased churn risk,High engagement rate (10/10) decreased churn risk,Few promotional offers used (0) increased churn risk,Low-Satisfaction At-Risk,6,1,1.38,10,2,8,29,6021,0,1,0,0,1,0,0,0,1,0,0,0,0,0,0,0,0,0,1,0,1,1
C00610,0.296141990735082,Low satisfaction score (1/10) increased churn risk,High engagement rate (10/10) decreased churn risk,Many promotional offers used (5) decreased churn risk,Engaged but Payment-Fragile,3,1,3.97,10,3,4,30,3071,5,3,0,0,0,1,0,0,0,0,1,0,0,0,0,1,0,0,0,1,0,1
C00611,0.0100411553347417,High satisfaction score (10/10) decreased churn risk,High engagement rate (9/10) decreased churn risk,Few support queries (2) decreased churn risk,Engaged but Payment-Fragile,12,10,3.11,9,1,2,48,2030,4,1,0,1,0,0,0,0,0,0,0,1,0,0,1,0,0,0,0,1,0,0
C00612,0.1936347265551081,Long subscription history (24 months) decreased churn risk,Frequent support queries (8) increased churn risk,Low satisfaction score (3/10) increased churn risk,Low-Satisfaction At-Risk,24,3,4.51,5,3,8,46,9028,3,2,1,0,0,0,0,0,0,0,0,0,0,1,1,0,0,0,0,0,1,0
C00613,0.6642848048279149,Low engagement rate (1/10) increased churn risk,Frequent support queries (9) increased churn risk,Many promotional offers used (5) decreased churn risk,Satisfied Loyal,3,7,3.95,1,3,9,57,4712,5,5,1,0,0,0,0,0,0,0,1,0,0,0,0,1,0,0,0,0,1,0
C00614,0.8807722013452627,Long subscription history (24 months) decreased churn risk,Few promotional offers used (0) increased churn risk,Low engagement rate (3/10) increased churn risk,Low-Satisfaction At-Risk,24,3,0.66,3,2,5,36,8350,0,4,0,0,1,0,0,0,0,0,0,0,1,0,0,0,1,0,0,0,1,0
C00615,0.1777813525516315,Low satisfaction score (1/10) increased churn risk,Long subscription history (24 months) decreased churn risk,Few support queries (1) decreased churn risk,Engaged but Payment-Fragile,24,1,1.59,9,3,1,58,9727,3,3,1,0,0,0,0,0,1,0,0,0,0,0,0,0,0,1,0,1,0,0
C00616,0.879694795611418,Low satisfaction score (1/10) increased churn risk,Frequent support queries (8) increased churn risk,Many promotional offers used (4) decreased churn risk,Low-Satisfaction At-Risk,3,1,2.43,6,2,8,63,6442,4,1,0,1,0,0,0,0,0,0,1,0,0,0,0,0,0,1,0,0,1,1
C00617,0.1818128182079813,Short subscription history (1 months) increased churn risk,High daily watch time (4.5 hours) decreased churn risk,High engagement rate (7/10) decreased churn risk,Satisfied Loyal,1,6,4.5,7,2,4,59,8981,2,2,0,0,1,0,0,1,0,0,0,0,0,0,0,0,1,0,0,0,1,0
C00618,0.2095461932383548,High engagement rate (10/10) decreased churn risk,Few support queries (0) decreased churn risk,Low daily watch time (0.7 hours) increased churn risk,Low-Satisfaction At-Risk,1,5,0.66,10,3,0,40,3833,1,4,0,1,0,0,0,0,0,0,0,1,0,0,0,0,0,1,0,0,1,0
C00619,0.0223969650430249,High satisfaction score (10/10) decreased churn risk,Few support queries (1) decreased churn risk,High daily watch time (4.7 hours) decreased churn risk,Engaged but Payment-Fragile,1,10,4.73,7,2,1,57,4077,2,3,0,0,1,0,0,0,0,0,0,0,0,1,0,1,0,0,0,1,0,0
C00620,0.0095209976189264,Few support queries (0) decreased churn risk,Long subscription history (24 months) decreased churn risk,High daily watch time (4.8 hours) decreased churn risk,Satisfied Loyal,24,7,4.76,6,1,0,47,942,1,5,0,1,0,0,0,0,0,0,1,0,0,0,1,0,0,0,0,0,1,0
C00621,0.4738321189536585,High daily watch time (4.9 hours) decreased churn risk,Few support queries (2) decreased churn risk,Few promotional offers used (1) increased churn risk,High-Risk Disengaged,12,4,4.86,5,1,2,30,3091,1,3,0,0,1,0,0,0,0,0,1,0,0,0,0,0,1,0,0,1,0,1
C00622,0.0155345227130886,High satisfaction score (10/10) decreased churn risk,Few support queries (1) decreased churn risk,High daily watch time (4.6 hours) decreased churn risk,High-Risk Disengaged,12,10,4.59,4,2,1,49,7392,4,4,0,1,0,0,0,0,0,0,0,0,1,0,0,1,0,0,0,1,0,0
C00623,0.6543109057907438,High satisfaction score (8/10) decreased churn risk,Few promotional offers used (0) increased churn risk,Low daily watch time (1.1 hours) increased churn risk,Satisfied Loyal,12,8,1.05,5,2,6,45,9704,0,5,0,1,0,0,0,0,0,0,0,1,0,0,0,1,0,0,0,0,1,0
C00624,0.3830757737489065,High engagement rate (9/10) decreased churn risk,Short subscription history (1 months) increased churn risk,Delayed payment history increased churn risk,Engaged but Payment-Fragile,1,6,3.22,9,2,4,18,9529,2,3,0,0,0,0,1,0,0,0,0,1,0,0,0,0,1,0,0,1,0,0
C00625,0.5591088568801077,High engagement rate (9/10) decreased churn risk,Few promotional offers used (0) increased churn risk,Delayed payment history increased churn risk,Engaged but Payment-Fragile,6,4,2.73,9,3,4,32,3407,0,1,0,0,0,0,1,0,0,0,0,0,1,0,1,0,0,0,0,1,0,1
C00626,0.0455176713095874,Many promotional offers used (5) decreased churn risk,Few support queries (2) decreased churn risk,High engagement rate (8/10) decreased churn risk,Engaged but Payment-Fragile,6,6,3.86,8,1,2,31,3496,5,4,0,1,0,0,0,0,0,1,0,0,0,0,0,1,0,0,0,1,0,0
C00627,0.4103957248035147,Few support queries (1) decreased churn risk,Low satisfaction score (3/10) increased churn risk,Delayed payment history increased churn risk,Engaged but Payment-Fragile,12,3,2.57,7,3,1,64,1015,2,5,0,0,0,1,0,0,0,0,0,0,1,0,0,1,0,0,0,1,0,0
C00628,0.8142537509167945,Many promotional offers used (5) decreased churn risk,Frequent support queries (8) increased churn risk,Low daily watch time (0.9 hours) increased churn risk,Low-Satisfaction At-Risk,6,5,0.87,4,1,8,43,1010,5,4,1,0,0,0,0,0,0,0,1,0,0,0,0,0,0,0,1,0,1,1
C00629,0.0896927648698175,High satisfaction score (9/10) decreased churn risk,Long subscription history (24 months) decreased churn risk,Frequent support queries (9) increased churn risk,Satisfied Loyal,24,9,2.73,6,2,9,27,6869,2,4,0,0,0,0,1,1,0,0,0,0,0,0,0,0,1,0,0,0,1,0
C00630,0.5524734061698079,High satisfaction score (9/10) decreased churn risk,Frequent support queries (10) increased churn risk,Low engagement rate (3/10) increased churn risk,Satisfied Loyal,12,9,0.92,3,3,10,46,1241,3,2,0,0,1,0,0,0,0,0,1,0,0,0,0,0,0,1,0,0,1,0
C00631,0.92041074685709,Low satisfaction score (1/10) increased churn risk,Long subscription history (24 months) decreased churn risk,Low engagement rate (3/10) increased churn risk,High-Risk Disengaged,24,1,2.4,3,2,5,66,3925,1,3,0,0,0,0,1,1,0,0,0,0,0,0,0,0,0,1,0,1,0,1
C00632,0.9693086375537908,Low satisfaction score (3/10) increased churn risk,Short subscription history (1 months) increased churn risk,Few promotional offers used (1) increased churn risk,Engaged but Payment-Fragile,1,3,1.64,7,2,7,57,1709,1,4,1,0,0,0,0,0,0,0,1,0,0,0,0,0,0,1,0,1,0,1
C00633,0.5287131187881835,Low satisfaction score (2/10) increased churn risk,High engagement rate (9/10) decreased churn risk,Short subscription history (1 months) increased churn risk,Low-Satisfaction At-Risk,1,2,2.82,9,2,3,43,9580,1,5,0,0,1,0,0,0,1,0,0,0,0,0,0,1,0,0,0,0,1,1
C00634,0.0365486194267153,High engagement rate (10/10) decreased churn risk,High satisfaction score (7/10) decreased churn risk,Support queries logged (3) decreased churn risk,Engaged but Payment-Fragile,6,7,3.86,10,2,3,19,9499,3,5,0,0,1,0,0,0,1,0,0,0,0,0,0,0,1,0,0,1,0,0
C00635,0.2126095821892915,High engagement rate (10/10) decreased churn risk,Short subscription history (3 months) increased churn risk,Delayed payment history increased churn risk,Engaged but Payment-Fragile,3,5,3.14,10,1,4,57,8838,2,2,0,1,0,0,0,0,0,0,0,0,0,1,1,0,0,0,0,1,0,0
C00636,0.9869259209444596,Low engagement rate (1/10) increased churn risk,Frequent support queries (9) increased churn risk,Short subscription history (3 months) increased churn risk,Low-Satisfaction At-Risk,3,4,2.11,1,1,9,62,3942,1,4,0,0,0,0,1,0,0,1,0,0,0,0,0,0,0,0,1,0,1,1
C00637,0.9482698041363224,Low engagement rate (2/10) increased churn risk,Few promotional offers used (1) increased churn risk,Frequent support queries (7) increased churn risk,High-Risk Disengaged,6,6,2.46,2,1,7,30,1851,1,1,1,0,0,0,0,0,0,1,0,0,0,0,0,0,0,1,0,1,0,1
C00638,0.0060839192296517,High engagement rate (10/10) decreased churn risk,Few support queries (0) decreased churn risk,High satisfaction score (8/10) decreased churn risk,Engaged but Payment-Fragile,6,8,4.92,10,1,0,48,4753,3,5,0,0,0,0,1,0,0,0,0,0,1,0,1,0,0,0,0,1,0,0
C00639,0.5161198718235562,Low satisfaction score (1/10) increased churn risk,Long subscription history (24 months) decreased churn risk,High engagement rate (8/10) decreased churn risk,Engaged but Payment-Fragile,24,1,3.47,8,3,6,39,6514,2,5,0,0,1,0,0,0,1,0,0,0,0,0,0,0,1,0,0,1,0,1
C00640,0.9666197516517278,Low engagement rate (2/10) increased churn risk,Low satisfaction score (3/10) increased churn risk,Short subscription history (1 months) increased churn risk,Low-Satisfaction At-Risk,1,3,2.5,2,1,4,41,8649,1,5,0,1,0,0,0,0,0,0,0,1,0,0,0,1,0,0,0,0,1,1
C00641,0.145882658300651,Low satisfaction score (1/10) increased churn risk,Few support queries (0) decreased churn risk,Long subscription history (24 months) decreased churn risk,High-Risk Disengaged,24,1,3.07,5,1,0,68,4541,5,3,0,1,0,0,0,0,0,0,0,0,0,1,0,0,0,0,1,1,0,0
C00642,0.9807302450074844,Frequent support queries (10) increased churn risk,Low satisfaction score (3/10) increased churn risk,Short subscription history (1 months) increased churn risk,Engaged but Payment-Fragile,1,3,1.27,7,3,10,58,9209,1,3,0,1,0,0,0,0,1,0,0,0,0,0,0,0,0,1,0,1,0,1
C00643,0.0176044005048688,High satisfaction score (10/10) decreased churn risk,Few support queries (2) decreased churn risk,Low engagement rate (4/10) increased churn risk,Satisfied Loyal,12,10,3.26,4,1,2,34,2786,3,1,0,0,1,0,0,1,0,0,0,0,0,0,0,0,0,1,0,0,1,0
C00644,0.2980108632611644,Long subscription history (24 months) decreased churn risk,Frequent support queries (9) increased churn risk,Many promotional offers used (5) decreased churn risk,High-Risk Disengaged,24,5,2.42,5,2,9,50,9248,5,1,0,0,0,0,1,0,0,0,0,0,0,1,0,0,0,0,1,1,0,0
C00645,0.5430043528419845,Few support queries (2) decreased churn risk,Low daily watch time (0.9 hours) increased churn risk,Few promotional offers used (1) increased churn risk,Low-Satisfaction At-Risk,6,4,0.92,7,3,2,59,9659,1,5,0,0,1,0,0,0,0,0,1,0,0,0,0,1,0,0,0,0,1,0
C00646,0.6052395406348051,High satisfaction score (10/10) decreased churn risk,Few promotional offers used (0) increased churn risk,Low daily watch time (0.7 hours) increased churn risk,High-Risk Disengaged,6,10,0.71,5,2,4,20,4740,0,1,0,1,0,0,0,0,0,0,0,1,0,0,0,0,0,1,0,1,0,0
C00647,0.0238952441067235,High satisfaction score (10/10) decreased churn risk,Many promotional offers used (5) decreased churn risk,High daily watch time (4.6 hours) decreased churn risk,High-Risk Disengaged,6,10,4.59,4,1,3,55,8163,5,3,0,0,0,0,1,0,1,0,0,0,0,0,0,0,0,1,0,1,0,0
C00648,0.0240865399849344,High satisfaction score (8/10) decreased churn risk,Long subscription history (24 months) decreased churn risk,Frequent support queries (8) increased churn risk,Engaged but Payment-Fragile,24,8,4.12,8,3,8,21,1572,4,5,0,1,0,0,0,0,0,1,0,0,0,0,0,1,0,0,0,1,0,0
C00649,0.5382294184419468,Long subscription history (24 months) decreased churn risk,High engagement rate (9/10) decreased churn risk,Low satisfaction score (3/10) increased churn risk,Engaged but Payment-Fragile,24,3,1.74,9,1,7,44,718,2,2,0,0,0,1,0,0,0,1,0,0,0,0,0,1,0,0,0,1,0,1
C00650,0.431193729676797,High satisfaction score (8/10) decreased churn risk,Low daily watch time (0.9 hours) increased churn risk,Low engagement rate (4/10) increased churn risk,Satisfied Loyal,6,8,0.89,4,1,5,62,1384,3,1,0,0,1,0,0,0,0,0,1,0,0,0,1,0,0,0,0,0,1,1
C00651,0.4172861421500462,Long subscription history (24 months) decreased churn risk,Few promotional offers used (0) increased churn risk,High satisfaction score (7/10) decreased churn risk,Satisfied Loyal,24,7,3.09,4,1,7,36,774,0,2,1,0,0,0,0,1,0,0,0,0,0,0,0,0,0,0,1,0,1,1
C00652,0.8008778215939956,Frequent support queries (10) increased churn risk,Short subscription history (3 months) increased churn risk,Low engagement rate (4/10) increased churn risk,Satisfied Loyal,3,6,3.01,4,2,10,19,7354,1,5,0,1,0,0,0,0,0,0,0,0,0,1,0,0,0,1,0,0,1,1
C00653,0.9655596250505604,Low engagement rate (3/10) increased churn risk,Low daily watch time (1.2 hours) increased churn risk,Few promotional offers used (1) increased churn risk,High-Risk Disengaged,6,5,1.25,3,3,6,66,5024,1,3,0,0,0,1,0,0,1,0,0,0,0,0,0,0,1,0,0,1,0,1
C00654,0.7163988808827381,Low engagement rate (2/10) increased churn risk,Few support queries (1) decreased churn risk,Few promotional offers used (1) increased churn risk,Low-Satisfaction At-Risk,6,4,1.88,2,2,1,36,1280,1,4,0,0,0,0,1,0,1,0,0,0,0,0,0,0,0,1,0,0,1,0
C00655,0.9239099709476865,Low engagement rate (1/10) increased churn risk,Few promotional offers used (0) increased churn risk,Delayed payment history increased churn risk,High-Risk Disengaged,12,4,3.57,1,2,4,23,7917,0,2,0,0,0,1,0,1,0,0,0,0,0,0,0,1,0,0,0,1,0,1
C00656,0.9145815060086322,Low engagement rate (2/10) increased churn risk,Short subscription history (3 months) increased churn risk,Delayed payment history increased churn risk,High-Risk Disengaged,3,5,2.37,2,1,5,54,7748,3,2,0,0,0,1,0,0,0,0,0,0,1,0,0,1,0,0,0,1,0,1
C00657,0.179239789169968,Low engagement rate (3/10) increased churn risk,Few support queries (2) decreased churn risk,Many promotional offers used (4) decreased churn risk,Satisfied Loyal,3,6,3.97,3,2,2,63,650,4,3,1,0,0,0,0,0,1,0,0,0,0,0,1,0,0,0,0,0,1,0
C00658,0.0344138561717965,High satisfaction score (8/10) decreased churn risk,Long subscription history (24 months) decreased churn risk,Few promotional offers used (1) increased churn risk,Satisfied Loyal,24,8,2.94,6,2,4,25,898,1,2,0,0,0,0,1,0,0,0,0,0,0,1,0,0,1,0,0,0,1,0
C00659,0.8882088392454914,Frequent support queries (9) increased churn risk,High daily watch time (4.7 hours) decreased churn risk,Short subscription history (1 months) increased churn risk,High-Risk Disengaged,1,4,4.73,5,3,9,27,3723,2,5,0,1,0,0,0,0,0,0,0,0,1,0,0,0,0,0,1,1,0,1
C00660,0.9535459806713654,Frequent support queries (9) increased churn risk,Low daily watch time (0.7 hours) increased churn risk,Low engagement rate (4/10) increased churn risk,High-Risk Disengaged,6,5,0.74,4,3,9,37,7081,2,4,1,0,0,0,0,0,0,0,0,0,0,1,0,0,0,1,0,1,0,1
C00661,0.1938784962627945,High satisfaction score (8/10) decreased churn risk,Low engagement rate (3/10) increased churn risk,High daily watch time (4.7 hours) decreased churn risk,High-Risk Disengaged,12,8,4.67,3,2,3,43,8683,1,1,0,1,0,0,0,0,0,0,0,0,0,1,0,1,0,0,0,1,0,0
C00662,0.4180749700528798,High satisfaction score (10/10) decreased churn risk,Low engagement rate (2/10) increased churn risk,Support queries logged (3) decreased churn risk,High-Risk Disengaged,6,10,3.56,2,1,3,26,5307,2,4,0,1,0,0,0,0,0,0,0,1,0,0,0,0,1,0,0,1,0,1
C00663,0.3413869492843849,Few promotional offers used (0) increased churn risk,High daily watch time (4.5 hours) decreased churn risk,Short subscription history (3 months) increased churn risk,Low-Satisfaction At-Risk,3,5,4.54,7,1,3,64,4552,0,3,0,0,0,1,0,0,0,0,1,0,0,0,0,0,0,0,1,0,1,0
C00664,0.2521475594510446,Low satisfaction score (1/10) increased churn risk,Long subscription history (24 months) decreased churn risk,Low engagement rate (3/10) increased churn risk,Low-Satisfaction At-Risk,24,1,4.77,3,1,4,56,811,4,5,0,1,0,0,0,0,1,0,0,0,0,0,0,0,0,1,0,0,1,0
C00665,0.3313705741025585,Low satisfaction score (1/10) increased churn risk,High engagement rate (9/10) decreased churn risk,Many promotional offers used (5) decreased churn risk,Low-Satisfaction At-Risk,3,1,3.74,9,3,8,31,5338,5,4,0,0,0,1,0,0,0,1,0,0,0,0,0,0,0,1,0,0,1,0
C00666,0.0174473152716318,High satisfaction score (10/10) decreased churn risk,Few support queries (0) decreased churn risk,High daily watch time (4.1 hours) decreased churn risk,Engaged but Payment-Fragile,6,10,4.09,7,1,0,20,573,2,5,0,0,0,1,0,0,0,0,0,0,1,0,0,0,0,0,1,1,0,0
C00667,0.5909174438603371,High engagement rate (10/10) decreased churn risk,Frequent support queries (9) increased churn risk,Low satisfaction score (3/10) increased churn risk,Low-Satisfaction At-Risk,3,3,2.2,10,1,9,48,2980,4,5,0,0,0,1,0,0,0,1,0,0,0,0,0,0,1,0,0,0,1,0
C00668,0.1423889667920817,Few support queries (0) decreased churn risk,Long subscription history (24 months) decreased churn risk,Low engagement rate (3/10) increased churn risk,High-Risk Disengaged,24,7,0.68,3,2,0,40,709,4,2,0,0,1,0,0,0,0,0,1,0,0,0,0,0,1,0,0,1,0,0
C00669,0.3445852288266197,High satisfaction score (8/10) decreased churn risk,Few support queries (2) decreased churn risk,Low daily watch time (0.8 hours) increased churn risk,High-Risk Disengaged,6,8,0.76,5,2,2,37,9198,3,1,0,0,0,0,1,0,1,0,0,0,0,0,0,0,1,0,0,1,0,0
C00670,0.9652357328598064,Low satisfaction score (1/10) increased churn risk,Low engagement rate (2/10) increased churn risk,Frequent support queries (7) increased churn risk,Low-Satisfaction At-Risk,6,1,2.99,2,3,7,51,602,2,3,0,0,1,0,0,0,1,0,0,0,0,0,0,0,0,0,1,0,1,1
C00671,0.6046032924731046,Low engagement rate (1/10) increased churn risk,Few support queries (0) decreased churn risk,Few promotional offers used (0) increased churn risk,Low-Satisfaction At-Risk,6,4,3.24,1,3,0,65,6003,0,2,0,0,0,1,0,0,0,0,0,0,0,1,0,0,0,1,0,0,1,0
C00672,0.3902260131580271,Few support queries (2) decreased churn risk,High satisfaction score (7/10) decreased churn risk,Short subscription history (1 months) increased churn risk,High-Risk Disengaged,1,7,3.8,4,3,2,47,5399,2,4,0,0,1,0,0,0,0,1,0,0,0,0,0,0,1,0,0,1,0,1
C00673,0.3048174809535656,Few promotional offers used (0) increased churn risk,High daily watch time (4.9 hours) decreased churn risk,High engagement rate (8/10) decreased churn risk,Low-Satisfaction At-Risk,3,4,4.89,8,3,5,34,9691,0,4,0,0,1,0,0,0,0,0,1,0,0,0,1,0,0,0,0,0,1,0
C00674,0.2720105744085582,Low satisfaction score (1/10) increased churn risk,Long subscription history (24 months) decreased churn risk,Frequent support queries (9) increased churn risk,Low-Satisfaction At-Risk,24,1,4.35,8,2,9,47,8220,4,5,1,0,0,0,0,0,0,1,0,0,0,0,0,1,0,0,0,0,1,0
C00675,0.8508405496284148,Low satisfaction score (3/10) increased churn risk,Low daily watch time (1.3 hours) increased churn risk,Support queries logged (3) decreased churn risk,Low-Satisfaction At-Risk,6,3,1.32,5,3,3,32,3035,1,1,0,1,0,0,0,0,0,0,0,1,0,0,0,0,0,0,1,0,1,1
C00676,0.0187872472994531,High engagement rate (9/10) decreased churn risk,Many promotional offers used (5) decreased churn risk,Low satisfaction score (3/10) increased churn risk,Low-Satisfaction At-Risk,12,3,4.46,9,3,3,50,8063,5,3,1,0,0,0,0,0,0,0,0,0,0,1,0,0,0,0,1,0,1,0
C00677,0.3336467177865056,High daily watch time (4.4 hours) decreased churn risk,Frequent support queries (7) increased churn risk,On-Time payment history decreased churn risk,Satisfied Loyal,12,6,4.36,5,2,7,70,534,2,2,1,0,0,0,0,0,0,0,1,0,0,0,0,0,0,1,0,0,1,1
C00678,0.6404924438672399,Low engagement rate (2/10) increased churn risk,Many promotional offers used (4) decreased churn risk,Short subscription history (3 months) increased churn risk,High-Risk Disengaged,3,5,2.73,2,2,3,27,747,4,2,0,0,1,0,0,0,0,1,0,0,0,0,0,0,0,1,0,1,0,0
C00679,0.776924294846508,Low engagement rate (3/10) increased churn risk,High daily watch time (4.2 hours) decreased churn risk,Short subscription history (3 months) increased churn risk,Low-Satisfaction At-Risk,3,4,4.18,3,1,6,64,5515,3,1,1,0,0,0,0,0,0,1,0,0,0,0,0,1,0,0,0,0,1,0
C00680,0.8061521601271665,Long subscription history (24 months) decreased churn risk,Low engagement rate (3/10) increased churn risk,High daily watch time (4.2 hours) decreased churn risk,High-Risk Disengaged,24,4,4.24,3,1,7,61,9628,1,2,0,0,1,0,0,0,0,0,1,0,0,0,0,0,1,0,0,1,0,1
C00681,0.0589779414469224,Low satisfaction score (2/10) increased churn risk,Long subscription history (24 months) decreased churn risk,Many promotional offers used (5) decreased churn risk,Engaged but Payment-Fragile,24,2,4.41,6,3,4,24,3498,5,5,0,0,0,1,0,0,0,0,0,0,0,1,0,0,0,1,0,1,0,0
C00682,0.9596201196773636,Low engagement rate (1/10) increased churn risk,Frequent support queries (9) increased churn risk,Low satisfaction score (3/10) increased churn risk,High-Risk Disengaged,6,3,4.47,1,1,9,42,3205,3,3,0,0,1,0,0,0,0,0,0,0,0,1,0,0,0,0,1,1,0,1
C00683,0.8189693385983845,Low engagement rate (1/10) increased churn risk,Frequent support queries (10) increased churn risk,Many promotional offers used (5) decreased churn risk,Satisfied Loyal,6,6,3.35,1,1,10,61,6255,5,2,0,0,1,0,0,1,0,0,0,0,0,0,0,0,1,0,0,0,1,1
C00684,0.9885398543988176,Low satisfaction score (1/10) increased churn risk,Low engagement rate (2/10) increased churn risk,Frequent support queries (7) increased churn risk,High-Risk Disengaged,6,1,3.41,2,2,7,64,3133,3,3,1,0,0,0,0,1,0,0,0,0,0,0,0,0,1,0,0,1,0,1
C00685,0.607424567052485,Frequent support queries (10) increased churn risk,Long subscription history (24 months) decreased churn risk,High satisfaction score (7/10) decreased churn risk,Engaged but Payment-Fragile,24,7,1.73,6,1,10,40,5740,1,1,0,0,0,0,1,0,0,1,0,0,0,0,1,0,0,0,0,1,0,0
C00686,0.1717587652108703,Few support queries (0) decreased churn risk,Low satisfaction score (2/10) increased churn risk,Many promotional offers used (5) decreased churn risk,Low-Satisfaction At-Risk,3,2,2.56,6,2,0,41,4293,5,4,0,0,1,0,0,0,0,0,1,0,0,0,0,0,0,1,0,0,1,1
C00687,0.8403071033990569,Frequent support queries (8) increased churn risk,High engagement rate (8/10) decreased churn risk,Low daily watch time (1.1 hours) increased churn risk,Engaged but Payment-Fragile,6,6,1.06,8,1,8,70,8166,2,1,0,0,0,1,0,0,0,0,0,1,0,0,1,0,0,0,0,1,0,1
C00688,0.100019292333526,High satisfaction score (9/10) decreased churn risk,High engagement rate (9/10) decreased churn risk,Short subscription history (1 months) increased churn risk,Engaged but Payment-Fragile,1,9,2.66,9,1,5,60,1995,4,1,0,1,0,0,0,0,0,1,0,0,0,0,0,1,0,0,0,1,0,0
C00689,0.0768300232379765,High satisfaction score (9/10) decreased churn risk,Frequent support queries (10) increased churn risk,Long subscription history (24 months) decreased churn risk,Engaged but Payment-Fragile,24,9,3.4,7,2,10,29,6818,3,1,0,1,0,0,0,1,0,0,0,0,0,0,1,0,0,0,0,1,0,0
C00690,0.7643823481428077,Frequent support queries (9) increased churn risk,Delayed payment history increased churn risk,High daily watch time (3.9 hours) decreased churn risk,Engaged but Payment-Fragile,6,5,3.87,6,1,9,43,5374,2,1,0,0,0,1,0,0,0,1,0,0,0,0,0,0,0,1,0,1,0,1
C00691,0.188889905857567,High satisfaction score (9/10) decreased churn risk,Frequent support queries (10) increased churn risk,High engagement rate (9/10) decreased churn risk,Satisfied Loyal,3,9,0.77,9,1,10,50,4089,5,3,0,0,1,0,0,0,0,0,0,0,1,0,0,1,0,0,0,0,1,1
C00692,0.3096441406206441,High satisfaction score (8/10) decreased churn risk,Few promotional offers used (0) increased churn risk,Support queries logged (3) decreased churn risk,Satisfied Loyal,6,8,1.59,7,1,3,66,5021,0,4,0,0,1,0,0,0,1,0,0,0,0,0,0,0,1,0,0,0,1,0
C00693,0.2256315701769951,High satisfaction score (7/10) decreased churn risk,Low daily watch time (1.1 hours) increased churn risk,Support queries logged (3) decreased churn risk,Satisfied Loyal,12,7,1.09,5,2,3,70,6509,1,2,0,0,0,0,1,0,0,0,0,0,0,1,0,0,0,1,0,0,1,0
C00694,0.0023990707791545,High satisfaction score (10/10) decreased churn risk,Few support queries (1) decreased churn risk,Many promotional offers used (5) decreased churn risk,Satisfied Loyal,12,10,1.24,8,3,1,22,7421,5,5,0,0,0,1,0,0,0,1,0,0,0,0,0,0,0,0,1,0,1,0
C00695,0.7027098293186547,Few support queries (0) decreased churn risk,Low satisfaction score (3/10) increased churn risk,Few promotional offers used (1) increased churn risk,Engaged but Payment-Fragile,6,3,2.92,6,1,0,54,2905,1,2,0,1,0,0,0,0,1,0,0,0,0,0,0,0,1,0,0,1,0,1
C00696,0.1736292058406779,High satisfaction score (7/10) decreased churn risk,Many promotional offers used (4) decreased churn risk,Delayed payment history increased churn risk,High-Risk Disengaged,12,7,3.7,5,3,6,58,6155,4,3,0,1,0,0,0,1,0,0,0,0,0,0,1,0,0,0,0,1,0,0
C00697,0.8415780547649553,Frequent support queries (9) increased churn risk,Few promotional offers used (0) increased churn risk,High satisfaction score (7/10) decreased churn risk,Satisfied Loyal,3,7,1.51,6,2,9,24,6565,0,5,0,0,0,0,1,0,0,0,1,0,0,0,0,0,0,0,1,0,1,1
C00698,0.8994662190811454,Frequent support queries (9) increased churn risk,Low daily watch time (1.4 hours) increased churn risk,Few promotional offers used (1) increased churn risk,Low-Satisfaction At-Risk,6,5,1.44,5,3,9,49,6239,1,1,0,0,1,0,0,0,0,1,0,0,0,0,0,1,0,0,0,0,1,1
C00699,0.0713559175940859,High satisfaction score (9/10) decreased churn risk,Few support queries (1) decreased churn risk,Delayed payment history increased churn risk,High-Risk Disengaged,6,9,2.4,5,2,1,26,5457,3,1,0,0,0,0,1,0,0,0,0,0,1,0,0,0,0,1,0,1,0,0
C00700,0.974425766444927,Low satisfaction score (2/10) increased churn risk,Frequent support queries (9) increased churn risk,Low engagement rate (3/10) increased churn risk,Low-Satisfaction At-Risk,1,2,2.25,3,2,9,48,4801,3,5,0,0,0,0,1,0,0,1,0,0,0,0,0,1,0,0,0,0,1,1
C00701,0.1268520652664643,High engagement rate (10/10) decreased churn risk,Low satisfaction score (2/10) increased churn risk,Long subscription history (24 months) decreased churn risk,Low-Satisfaction At-Risk,24,2,2.61,10,1,7,19,1683,3,1,0,1,0,0,0,0,1,0,0,0,0,0,0,0,0,1,0,0,1,0
C00702,0.0128616102616335,Few support queries (0) decreased churn risk,Many promotional offers used (5) decreased churn risk,High engagement rate (8/10) decreased churn risk,Low-Satisfaction At-Risk,1,6,2.89,8,3,0,32,3964,5,1,0,0,0,0,1,0,0,1,0,0,0,0,1,0,0,0,0,0,1,0
C00703,0.0290811096080449,High satisfaction score (9/10) decreased churn risk,High engagement rate (10/10) decreased churn risk,Few promotional offers used (0) increased churn risk,Satisfied Loyal,3,9,3.14,10,2,3,63,7700,0,1,0,0,1,0,0,0,0,0,0,0,0,1,0,0,0,0,1,0,1,0
C00704,0.119126772290196,Many promotional offers used (5) decreased churn risk,Low engagement rate (3/10) increased churn risk,Few support queries (2) decreased churn risk,High-Risk Disengaged,3,7,4.41,3,3,2,19,8463,5,4,0,1,0,0,0,0,0,0,0,0,1,0,0,1,0,0,0,1,0,0
C00705,0.0870776937105279,High engagement rate (10/10) decreased churn risk,Long subscription history (24 months) decreased churn risk,Frequent support queries (9) increased churn risk,Satisfied Loyal,24,7,3.31,10,1,9,27,6775,0,5,1,0,0,0,0,0,0,0,0,0,1,0,1,0,0,0,0,0,1,0
C00706,0.0672443953990117,High satisfaction score (9/10) decreased churn risk,Few support queries (2) decreased churn risk,Many promotional offers used (4) decreased churn risk,High-Risk Disengaged,12,9,2.9,4,3,2,66,6235,4,2,1,0,0,0,0,0,0,0,0,0,0,1,0,0,1,0,0,1,0,0
C00707,0.2824711969104,Many promotional offers used (5) decreased churn risk,Low engagement rate (3/10) increased churn risk,Few support queries (2) decreased churn risk,Low-Satisfaction At-Risk,3,4,3.92,3,2,2,62,3821,5,3,0,0,0,1,0,0,0,0,0,1,0,0,0,0,0,1,0,0,1,0
C00708,0.8344707304087838,Short subscription history (1 months) increased churn risk,Low engagement rate (4/10) increased churn risk,Frequent support queries (7) increased churn risk,Low-Satisfaction At-Risk,1,4,3.52,4,3,7,52,2337,3,2,1,0,0,0,0,0,0,0,0,1,0,0,1,0,0,0,0,0,1,1
C00709,0.6177225258468866,High engagement rate (10/10) decreased churn risk,Frequent support queries (9) increased churn risk,Few promotional offers used (1) increased churn risk,Low-Satisfaction At-Risk,6,5,1.7,10,2,9,34,3137,1,1,0,0,0,1,0,1,0,0,0,0,0,0,0,1,0,0,0,0,1,0
C00710,0.4697478519809565,Low satisfaction score (1/10) increased churn risk,Long subscription history (24 months) decreased churn risk,Frequent support queries (8) increased churn risk,Low-Satisfaction At-Risk,24,1,1.27,8,2,8,32,714,4,2,0,0,0,1,0,0,0,0,0,0,1,0,0,0,0,0,1,0,1,0
C00711,0.6948422623244755,High satisfaction score (10/10) decreased churn risk,Low engagement rate (3/10) increased churn risk,Few promotional offers used (1) increased churn risk,High-Risk Disengaged,6,10,1.65,3,1,5,41,1357,1,1,0,0,1,0,0,0,1,0,0,0,0,0,0,0,1,0,0,1,0,0
C00712,0.4042268526325574,Short subscription history (1 months) increased churn risk,High daily watch time (4.3 hours) decreased churn risk,Many promotional offers used (4) decreased churn risk,High-Risk Disengaged,1,6,4.32,5,1,6,62,7624,4,5,0,0,1,0,0,0,0,1,0,0,0,0,0,0,0,1,0,1,0,0
C00713,0.1656498459116582,High satisfaction score (9/10) decreased churn risk,Low engagement rate (1/10) increased churn risk,Few support queries (0) decreased churn risk,Satisfied Loyal,1,9,2.64,1,2,0,62,8148,3,2,0,1,0,0,0,1,0,0,0,0,0,0,0,0,0,0,1,0,1,0
C00714,0.7390183495672525,Low satisfaction score (1/10) increased churn risk,High engagement rate (10/10) decreased churn risk,High daily watch time (4.1 hours) decreased churn risk,Engaged but Payment-Fragile,6,1,4.1,10,1,7,31,9672,1,2,0,0,1,0,0,0,0,0,0,0,0,1,0,0,0,0,1,1,0,1
C00715,0.7138839744505087,Low engagement rate (3/10) increased churn risk,High satisfaction score (7/10) decreased churn risk,Low daily watch time (0.9 hours) increased churn risk,Satisfied Loyal,3,7,0.94,3,2,4,67,1032,2,3,0,0,0,1,0,0,1,0,0,0,0,0,0,1,0,0,0,0,1,1
C00716,0.9249928933553684,Frequent support queries (9) increased churn risk,Short subscription history (3 months) increased churn risk,Few promotional offers used (1) increased churn risk,Low-Satisfaction At-Risk,3,4,2.55,5,1,9,22,5463,1,1,1,0,0,0,0,0,1,0,0,0,0,0,0,0,0,1,0,0,1,1
C00717,0.1064615233634793,High satisfaction score (8/10) decreased churn risk,Many promotional offers used (5) decreased churn risk,Short subscription history (3 months) increased churn risk,High-Risk Disengaged,3,8,2.87,5,3,3,61,664,5,2,0,0,0,1,0,1,0,0,0,0,0,0,1,0,0,0,0,1,0,0
C00718,0.8232382700519076,Low engagement rate (1/10) increased churn risk,Frequent support queries (10) increased churn risk,Many promotional offers used (5) decreased churn risk,Satisfied Loyal,1,6,2.64,1,2,10,33,2735,5,3,1,0,0,0,0,0,0,0,0,0,0,1,1,0,0,0,0,0,1,1
C00719,0.1335276999392259,High engagement rate (9/10) decreased churn risk,High satisfaction score (7/10) decreased churn risk,Low daily watch time (0.9 hours) increased churn risk,Satisfied Loyal,3,7,0.87,9,2,5,41,1451,4,3,1,0,0,0,0,0,0,0,0,0,1,0,1,0,0,0,0,0,1,0
C00720,0.0029557207632705,High satisfaction score (9/10) decreased churn risk,Few support queries (1) decreased churn risk,High engagement rate (9/10) decreased churn risk,Satisfied Loyal,6,9,2.88,9,2,1,45,5439,4,2,0,0,0,0,1,0,0,0,0,0,0,1,1,0,0,0,0,0,1,0
C00721,0.9333220918597812,Low engagement rate (3/10) increased churn risk,High daily watch time (4.6 hours) decreased churn risk,Short subscription history (1 months) increased churn risk,High-Risk Disengaged,1,6,4.56,3,1,6,41,9457,1,3,1,0,0,0,0,0,0,0,0,1,0,0,0,0,1,0,0,1,0,1
C00722,0.2082975564519014,Long subscription history (24 months) decreased churn risk,Daily watch time (1.5 hours) increased churn risk,On-Time payment history decreased churn risk,Low-Satisfaction At-Risk,24,5,1.51,6,2,5,31,3531,2,3,0,0,0,0,1,0,1,0,0,0,0,0,0,1,0,0,0,0,1,1
C00723,0.0138937124866325,Few support queries (0) decreased churn risk,Long subscription history (24 months) decreased churn risk,Low engagement rate (4/10) increased churn risk,Satisfied Loyal,24,6,3.81,4,3,0,22,526,3,1,0,1,0,0,0,0,1,0,0,0,0,0,0,0,0,0,1,0,1,0
C00724,0.396423759182259,High satisfaction score (9/10) decreased churn risk,Low engagement rate (1/10) increased churn risk,High daily watch time (4.3 hours) decreased churn risk,Satisfied Loyal,3,9,4.34,1,1,6,39,902,4,4,0,0,0,0,1,0,0,0,0,1,0,0,0,0,1,0,0,0,1,0
C00725,0.122545975163982,Few support queries (0) decreased churn risk,High satisfaction score (7/10) decreased churn risk,Short subscription history (3 months) increased churn risk,Engaged but Payment-Fragile,3,7,2.75,7,2,0,39,4684,3,3,0,0,0,1,0,0,0,0,1,0,0,0,0,0,1,0,0,1,0,0
C00726,0.1227070671512578,High satisfaction score (9/10) decreased churn risk,High engagement rate (9/10) decreased churn risk,Few promotional offers used (1) increased churn risk,Engaged but Payment-Fragile,6,9,2.23,9,2,4,41,6564,1,2,0,0,0,0,1,0,0,0,0,0,0,1,0,0,1,0,0,1,0,0
C00727,0.8710527509624383,Low engagement rate (2/10) increased churn risk,High satisfaction score (8/10) decreased churn risk,Frequent support queries (9) increased churn risk,Satisfied Loyal,3,8,0.99,2,1,9,67,3407,2,1,0,1,0,0,0,0,0,0,0,0,0,1,0,0,0,1,0,0,1,1
C00728,0.2509247683959315,Frequent support queries (10) increased churn risk,High daily watch time (4.2 hours) decreased churn risk,Many promotional offers used (4) decreased churn risk,Satisfied Loyal,12,6,4.23,5,1,10,26,9949,4,4,0,0,0,1,0,0,0,1,0,0,0,0,0,0,0,0,1,0,1,1
C00729,0.2731769981587527,High satisfaction score (10/10) decreased churn risk,Low engagement rate (4/10) increased churn risk,Few promotional offers used (1) increased churn risk,Satisfied Loyal,6,10,3.94,4,2,6,57,1765,1,2,1,0,0,0,0,0,0,0,0,0,1,0,0,0,1,0,0,0,1,1
C00730,0.8501071437172889,Low satisfaction score (1/10) increased churn risk,Few promotional offers used (0) increased churn risk,Short subscription history (3 months) increased churn risk,Low-Satisfaction At-Risk,3,1,4.07,6,2,5,23,6736,0,1,0,0,0,1,0,0,0,1,0,0,0,0,0,0,0,0,1,0,1,1
C00731,0.0918858266929599,Few support queries (0) decreased churn risk,Many promotional offers used (4) decreased churn risk,Short subscription history (3 months) increased churn risk,Engaged but Payment-Fragile,3,5,3.69,7,1,0,18,1335,4,4,0,0,0,1,0,0,0,0,1,0,0,0,1,0,0,0,0,1,0,1
C00732,0.8882374695959626,Frequent support queries (10) increased churn risk,Low satisfaction score (3/10) increased churn risk,Short subscription history (3 months) increased churn risk,Low-Satisfaction At-Risk,3,3,3.68,5,1,10,22,6376,3,4,0,0,1,0,0,0,0,0,0,1,0,0,0,0,0,1,0,0,1,0
C00733,0.0361921923795673,High satisfaction score (9/10) decreased churn risk,Few support queries (0) decreased churn risk,Low engagement rate (2/10) increased churn risk,Satisfied Loyal,1,9,4.28,2,2,0,30,5896,4,1,1,0,0,0,0,0,0,0,0,0,1,0,1,0,0,0,0,0,1,0
C00734,0.0750194578708735,High satisfaction score (10/10) decreased churn risk,Low engagement rate (2/10) increased churn risk,Long subscription history (24 months) decreased churn risk,Satisfied Loyal,24,10,4.99,2,3,6,35,5855,0,1,0,0,0,1,0,1,0,0,0,0,0,0,0,0,1,0,0,0,1,0
C00735,0.3226979441133722,Low satisfaction score (1/10) increased churn risk,Few support queries (0) decreased churn risk,High engagement rate (9/10) decreased churn risk,Low-Satisfaction At-Risk,1,1,4.28,9,2,0,39,8015,2,5,0,1,0,0,0,0,0,0,0,1,0,0,0,0,1,0,0,0,1,0
C00736,0.6557731370211536,Low engagement rate (1/10) increased churn risk,Frequent support queries (10) increased churn risk,Long subscription history (24 months) decreased churn risk,Satisfied Loyal,24,7,3.25,1,3,10,69,4794,1,1,0,0,0,1,0,0,0,0,1,0,0,0,1,0,0,0,0,0,1,1
C00737,0.964612778411293,Low satisfaction score (1/10) increased churn risk,Frequent support queries (8) increased churn risk,Daily watch time (1.5 hours) increased churn risk,Engaged but Payment-Fragile,12,1,1.51,7,1,8,57,6405,2,1,0,0,1,0,0,0,0,0,1,0,0,0,0,0,0,0,1,1,0,1
C00738,0.5969092047643066,Low satisfaction score (1/10) increased churn risk,Frequent support queries (9) increased churn risk,High engagement rate (9/10) decreased churn risk,Low-Satisfaction At-Risk,3,1,4.45,9,1,9,53,8246,4,2,0,0,1,0,0,0,0,1,0,0,0,0,0,1,0,0,0,0,1,1
C00739,0.9558441032914462,Low engagement rate (3/10) increased churn risk,Low satisfaction score (3/10) increased churn risk,Short subscription history (1 months) increased churn risk,High-Risk Disengaged,1,3,1.64,3,1,3,27,2490,2,2,0,1,0,0,0,0,1,0,0,0,0,0,0,0,0,0,1,1,0,1
C00740,0.6696853649094378,High engagement rate (10/10) decreased churn risk,Low satisfaction score (3/10) increased churn risk,Low daily watch time (0.9 hours) increased churn risk,Low-Satisfaction At-Risk,3,3,0.87,10,1,7,61,9455,4,4,0,0,0,1,0,0,0,0,0,1,0,0,0,1,0,0,0,0,1,0
C00741,0.125281995929629,High satisfaction score (9/10) decreased churn risk,Long subscription history (24 months) decreased churn risk,Frequent support queries (8) increased churn risk,Engaged but Payment-Fragile,24,9,1.42,6,2,8,59,9449,4,1,0,0,1,0,0,0,0,0,0,0,1,0,0,1,0,0,0,1,0,0
C00742,0.9165936021964632,Low engagement rate (3/10) increased churn risk,High satisfaction score (7/10) decreased churn risk,Few promotional offers used (1) increased churn risk,High-Risk Disengaged,6,7,2.32,3,2,6,37,7067,1,3,1,0,0,0,0,0,0,0,0,1,0,0,0,0,0,0,1,1,0,1
C00743,0.7143719134808098,Low engagement rate (3/10) increased churn risk,Delayed payment history increased churn risk,Low satisfaction score (4/10) increased churn risk,High-Risk Disengaged,12,4,3.62,3,1,5,25,6202,3,3,0,0,1,0,0,0,0,0,1,0,0,0,0,0,0,0,1,1,0,1
C00744,0.060741915211849,High satisfaction score (8/10) decreased churn risk,Long subscription history (24 months) decreased churn risk,Delayed payment history increased churn risk,High-Risk Disengaged,24,8,2.86,5,1,4,52,7842,3,1,0,0,0,0,1,0,0,0,0,0,1,0,1,0,0,0,0,1,0,0
C00745,0.0213243780024182,High satisfaction score (9/10) decreased churn risk,High engagement rate (10/10) decreased churn risk,Short subscription history (1 months) increased churn risk,Engaged but Payment-Fragile,1,9,2.34,10,3,3,27,6645,4,3,0,0,0,0,1,0,0,0,0,0,1,0,1,0,0,0,0,1,0,0
C00746,0.5762963200562534,Low satisfaction score (4/10) increased churn risk,On-Time payment history decreased churn risk,Short subscription history (6 months) increased churn risk,Low-Satisfaction At-Risk,6,4,3.32,6,1,6,63,3952,2,2,0,1,0,0,0,1,0,0,0,0,0,0,0,0,0,1,0,0,1,1
C00747,0.0021883922300876,High satisfaction score (10/10) decreased churn risk,High engagement rate (10/10) decreased churn risk,Many promotional offers used (5) decreased churn risk,Engaged but Payment-Fragile,6,10,4.83,10,2,2,42,8787,5,2,0,0,0,0,1,0,0,0,0,0,1,0,0,1,0,0,0,1,0,0
C00748,0.3300390283294785,Low satisfaction score (2/10) increased churn risk,Few support queries (1) decreased churn risk,High engagement rate (9/10) decreased churn risk,Low-Satisfaction At-Risk,1,2,2.15,9,3,1,56,5507,2,1,0,0,0,0,1,0,0,0,0,0,0,1,0,0,1,0,0,0,1,1
C00749,0.6974236848179447,High satisfaction score (10/10) decreased churn risk,Low daily watch time (0.8 hours) increased churn risk,Low engagement rate (4/10) increased churn risk,High-Risk Disengaged,12,10,0.85,4,1,7,22,7770,1,3,0,0,0,1,0,0,0,0,1,0,0,0,0,0,1,0,0,1,0,1
C00750,0.7825076898716734,Low engagement rate (2/10) increased churn risk,High daily watch time (4.7 hours) decreased churn risk,Few promotional offers used (1) increased churn risk,High-Risk Disengaged,12,4,4.68,2,1,4,19,1727,1,5,0,1,0,0,0,0,0,0,1,0,0,0,1,0,0,0,0,1,0,1
C00751,0.0436688559838058,Low engagement rate (2/10) increased churn risk,High satisfaction score (8/10) decreased churn risk,Many promotional offers used (5) decreased churn risk,Satisfied Loyal,12,8,4.3,2,2,2,57,1359,5,4,1,0,0,0,0,0,0,1,0,0,0,0,0,0,1,0,0,0,1,0
C00752,0.1567299259778463,High satisfaction score (9/10) decreased churn risk,Few promotional offers used (1) increased churn risk,On-Time payment history decreased churn risk,Satisfied Loyal,12,9,2.37,6,2,6,49,2730,1,4,0,0,0,1,0,0,0,0,0,0,1,0,0,0,0,0,1,0,1,0
C00753,0.8602152136221387,Short subscription history (1 months) increased churn risk,Low daily watch time (1.1 hours) increased churn risk,On-Time payment history decreased churn risk,Low-Satisfaction At-Risk,1,5,1.1,5,1,5,19,3648,2,1,0,0,1,0,0,0,0,0,0,1,0,0,0,1,0,0,0,0,1,0
C00754,0.8714439348099812,Low satisfaction score (2/10) increased churn risk,Few support queries (2) decreased churn risk,Short subscription history (1 months) increased churn risk,Engaged but Payment-Fragile,1,2,2.16,6,1,2,54,9695,3,3,0,0,0,0,1,0,0,0,0,1,0,0,0,0,0,0,1,1,0,1
C00755,0.0605154865996652,Long subscription history (24 months) decreased churn risk,Many promotional offers used (5) decreased churn risk,Low engagement rate (4/10) increased churn risk,Satisfied Loyal,24,6,1.82,4,2,5,49,8151,5,4,0,0,0,1,0,1,0,0,0,0,0,0,0,0,0,1,0,0,1,1
C00756,0.9323208638311687,Few promotional offers used (0) increased churn risk,Short subscription history (1 months) increased churn risk,Frequent support queries (7) increased churn risk,Engaged but Payment-Fragile,1,5,2.83,6,3,7,48,3489,0,3,0,1,0,0,0,0,0,0,0,0,1,0,0,1,0,0,0,1,0,1
C00757,0.0342353526000035,High satisfaction score (8/10) decreased churn risk,Long subscription history (24 months) decreased churn risk,On-Time payment history decreased churn risk,Satisfied Loyal,24,8,2.96,6,2,4,24,3513,2,3,0,0,1,0,0,0,0,0,0,1,0,0,0,0,0,0,1,0,1,0
C00758,0.0918001512374173,High satisfaction score (10/10) decreased churn risk,Low engagement rate (2/10) increased churn risk,Long subscription history (24 months) decreased churn risk,Satisfied Loyal,24,10,3.84,2,2,8,22,4694,2,1,0,0,0,0,1,0,0,0,1,0,0,0,0,0,0,0,1,0,1,0
C00759,0.9955590805131126,Low engagement rate (1/10) increased churn risk,Frequent support queries (8) increased churn risk,Low satisfaction score (3/10) increased churn risk,High-Risk Disengaged,6,3,1.58,1,2,8,58,4513,1,2,0,0,1,0,0,0,0,0,1,0,0,0,0,0,0,0,1,1,0,1
C00760,0.5703784470875375,Frequent support queries (9) increased churn risk,Many promotional offers used (4) decreased churn risk,Short subscription history (3 months) increased churn risk,Satisfied Loyal,3,6,2.32,5,3,9,20,8100,4,3,0,1,0,0,0,0,0,0,1,0,0,0,0,0,0,0,1,0,1,0
C00761,0.5741425221134345,High satisfaction score (10/10) decreased churn risk,Low daily watch time (0.5 hours) increased churn risk,Low engagement rate (4/10) increased churn risk,High-Risk Disengaged,6,10,0.51,4,3,5,40,4090,1,3,0,0,0,0,1,0,0,0,0,0,1,0,1,0,0,0,0,1,0,1
C00762,0.986428981173762,Low satisfaction score (1/10) increased churn risk,Low engagement rate (2/10) increased churn risk,Low daily watch time (1.1 hours) increased churn risk,High-Risk Disengaged,12,1,1.08,2,1,7,63,8183,4,4,0,0,0,0,1,0,0,0,1,0,0,0,0,1,0,0,0,1,0,1
C00763,0.916792796829287,Few promotional offers used (0) increased churn risk,Low satisfaction score (3/10) increased churn risk,Short subscription history (1 months) increased churn risk,Engaged but Payment-Fragile,1,3,3.52,7,1,5,47,4022,0,1,0,1,0,0,0,0,0,1,0,0,0,0,0,1,0,0,0,1,0,1
C00764,0.3736881815414626,Low satisfaction score (2/10) increased churn risk,Many promotional offers used (5) decreased churn risk,On-Time payment history decreased churn risk,Low-Satisfaction At-Risk,6,2,3.21,6,3,6,29,3085,5,4,0,0,0,1,0,1,0,0,0,0,0,0,1,0,0,0,0,0,1,0
C00765,0.0318048894856129,High satisfaction score (9/10) decreased churn risk,Few support queries (1) decreased churn risk,Delayed payment history increased churn risk,Engaged but Payment-Fragile,12,9,3.21,7,1,1,65,2317,2,2,0,0,0,0,1,0,0,1,0,0,0,0,1,0,0,0,0,1,0,0
C00766,0.690464835117032,High satisfaction score (8/10) decreased churn risk,Low daily watch time (1.0 hours) increased churn risk,Few promotional offers used (1) increased churn risk,Engaged but Payment-Fragile,6,8,0.99,7,1,6,26,3665,1,3,0,0,0,1,0,0,0,0,0,0,1,0,0,0,1,0,0,1,0,0
C00767,0.9829570565118304,Low satisfaction score (1/10) increased churn risk,Low engagement rate (1/10) increased churn risk,Frequent support queries (8) increased churn risk,High-Risk Disengaged,12,1,3.68,1,1,8,28,3664,3,2,0,1,0,0,0,1,0,0,0,0,0,0,0,1,0,0,0,1,0,1
C00768,0.9699419370238848,Low satisfaction score (1/10) increased churn risk,Low engagement rate (1/10) increased churn risk,Delayed payment history increased churn risk,High-Risk Disengaged,12,1,3.25,1,2,5,34,2297,2,5,0,0,1,0,0,0,0,1,0,0,0,0,0,1,0,0,0,1,0,1
C00769,0.6066076762717231,Low engagement rate (3/10) increased churn risk,High satisfaction score (7/10) decreased churn risk,Short subscription history (1 months) increased churn risk,Satisfied Loyal,1,7,3.34,3,2,7,49,6561,3,5,0,0,1,0,0,0,0,0,0,1,0,0,0,0,0,1,0,0,1,0
C00770,0.6671412540625936,High satisfaction score (9/10) decreased churn risk,Frequent support queries (10) increased churn risk,Many promotional offers used (5) decreased churn risk,High-Risk Disengaged,1,9,1.37,5,3,10,49,8200,5,1,0,1,0,0,0,0,0,0,0,1,0,0,0,0,0,1,0,1,0,0
C00771,0.9960546848996688,Low engagement rate (1/10) increased churn risk,Frequent support queries (9) increased churn risk,Low daily watch time (1.1 hours) increased churn risk,High-Risk Disengaged,6,5,1.15,1,1,9,69,2050,1,1,0,0,0,1,0,0,0,0,1,0,0,0,0,0,1,0,0,1,0,1
C00772,0.1578364828490069,Few support queries (1) decreased churn risk,Short subscription history (3 months) increased churn risk,High engagement rate (7/10) decreased churn risk,Satisfied Loyal,3,6,2.32,7,3,1,38,1848,2,3,1,0,0,0,0,0,1,0,0,0,0,0,0,1,0,0,0,0,1,1
C00773,0.7045461481165992,Low daily watch time (0.6 hours) increased churn risk,Many promotional offers used (4) decreased churn risk,Short subscription history (3 months) increased churn risk,High-Risk Disengaged,3,6,0.6,5,3,6,23,5306,4,3,0,1,0,0,0,0,0,0,0,0,0,1,0,1,0,0,0,1,0,1
C00774,0.0077332728094096,Few support queries (0) decreased churn risk,High satisfaction score (8/10) decreased churn risk,Long subscription history (24 months) decreased churn risk,Satisfied Loyal,24,8,3.07,4,1,0,61,2649,4,3,0,1,0,0,0,0,0,0,1,0,0,0,0,0,0,1,0,0,1,0
C00775,0.7750516275009355,Low satisfaction score (2/10) increased churn risk,Delayed payment history increased churn risk,High engagement rate (7/10) decreased churn risk,Engaged but Payment-Fragile,6,2,2.43,7,1,4,27,2232,3,1,0,1,0,0,0,0,0,1,0,0,0,0,0,1,0,0,0,1,0,1
C00776,0.9885313539407432,Frequent support queries (9) increased churn risk,Few promotional offers used (0) increased churn risk,Short subscription history (1 months) increased churn risk,Engaged but Payment-Fragile,1,4,2.3,6,1,9,21,5311,0,4,1,0,0,0,0,0,0,0,1,0,0,0,0,0,1,0,0,1,0,1
C00777,0.3917044374603165,Many promotional offers used (5) decreased churn risk,Short subscription history (1 months) increased churn risk,Support queries logged (3) decreased churn risk,Engaged but Payment-Fragile,1,5,1.98,7,3,3,51,6143,5,4,1,0,0,0,0,0,0,0,0,1,0,0,0,0,0,1,0,1,0,0
C00778,0.9109364373868842,Low satisfaction score (1/10) increased churn risk,High engagement rate (10/10) decreased churn risk,Frequent support queries (8) increased churn risk,Engaged but Payment-Fragile,3,1,4.14,10,2,8,62,1371,1,3,0,0,1,0,0,0,0,0,0,1,0,0,0,0,0,1,0,1,0,1
C00779,0.5003569798343657,Low daily watch time (0.7 hours) increased churn risk,High engagement rate (8/10) decreased churn risk,Short subscription history (1 months) increased churn risk,Low-Satisfaction At-Risk,1,4,0.69,8,3,4,42,5692,3,1,0,0,0,1,0,0,0,0,1,0,0,0,0,0,0,0,1,0,1,1
C00780,0.94707859954031,Low engagement rate (2/10) increased churn risk,Frequent support queries (9) increased churn risk,Low satisfaction score (3/10) increased churn risk,Low-Satisfaction At-Risk,3,3,4.57,2,3,9,36,4908,2,3,1,0,0,0,0,0,0,0,0,0,1,0,0,1,0,0,0,0,1,1
C00781,0.2821722601208365,Low engagement rate (2/10) increased churn risk,Few support queries (1) decreased churn risk,Many promotional offers used (4) decreased churn risk,High-Risk Disengaged,6,6,3.5,2,3,1,68,5061,4,4,0,1,0,0,0,0,0,0,0,0,0,1,0,1,0,0,0,1,0,0
C00782,0.8323304825694807,Low satisfaction score (2/10) increased churn risk,Frequent support queries (9) increased churn risk,Many promotional offers used (5) decreased churn risk,Low-Satisfaction At-Risk,6,2,1.03,7,2,9,69,2174,5,3,0,0,0,1,0,0,0,1,0,0,0,0,0,1,0,0,0,0,1,0
C00783,0.2602571751101842,Long subscription history (24 months) decreased churn risk,Frequent support queries (8) increased churn risk,High engagement rate (8/10) decreased churn risk,Engaged but Payment-Fragile,24,6,1.84,8,3,8,28,3990,4,5,1,0,0,0,0,0,0,0,0,1,0,0,0,1,0,0,0,1,0,0
C00784,0.0434700350909881,High satisfaction score (10/10) decreased churn risk,High engagement rate (8/10) decreased churn risk,Short subscription history (3 months) increased churn risk,Engaged but Payment-Fragile,3,10,2.15,8,3,3,46,9021,3,2,0,0,0,1,0,0,0,1,0,0,0,0,0,0,0,0,1,1,0,0
C00785,0.6707916782988763,Few support queries (0) decreased churn risk,Low satisfaction score (2/10) increased churn risk,Many promotional offers used (4) decreased churn risk,High-Risk Disengaged,6,2,1.95,4,2,0,54,1514,4,5,0,0,0,1,0,0,0,0,0,0,0,1,0,0,1,0,0,1,0,0
C00786,0.3494386201371925,High engagement rate (10/10) decreased churn risk,Few promotional offers used (0) increased churn risk,Low satisfaction score (4/10) increased churn risk,Low-Satisfaction At-Risk,6,4,3.36,10,3,6,30,5121,0,5,0,0,0,1,0,0,1,0,0,0,0,0,0,1,0,0,0,0,1,0
C00787,0.8914809571813819,Low satisfaction score (3/10) increased churn risk,Delayed payment history increased churn risk,Short subscription history (6 months) increased churn risk,High-Risk Disengaged,6,3,2.6,5,1,6,35,7951,3,3,0,0,0,0,1,0,1,0,0,0,0,0,0,0,1,0,0,1,0,1
C00788,0.0994580099425826,High engagement rate (10/10) decreased churn risk,High daily watch time (5.0 hours) decreased churn risk,Frequent support queries (7) increased churn risk,Low-Satisfaction At-Risk,6,5,4.97,10,2,7,38,5116,2,5,0,0,0,1,0,0,0,1,0,0,0,0,0,1,0,0,0,0,1,0
C00789,0.266794619641828,Low satisfaction score (1/10) increased churn risk,High engagement rate (9/10) decreased churn risk,Few support queries (2) decreased churn risk,Engaged but Payment-Fragile,12,1,4.57,9,2,2,32,8405,2,5,1,0,0,0,0,1,0,0,0,0,0,0,0,0,0,1,0,1,0,0
C00790,0.102897532533181,High satisfaction score (10/10) decreased churn risk,Many promotional offers used (5) decreased churn risk,On-Time payment history decreased churn risk,Satisfied Loyal,6,10,2.25,5,3,6,66,3821,5,4,0,1,0,0,0,0,0,0,0,1,0,0,0,0,1,0,0,0,1,0
C00791,0.9838853417130184,Frequent support queries (10) increased churn risk,Low satisfaction score (2/10) increased churn risk,Low engagement rate (3/10) increased churn risk,Low-Satisfaction At-Risk,1,2,0.95,3,3,10,55,5850,3,3,0,0,0,1,0,0,1,0,0,0,0,0,0,0,0,1,0,0,1,1
C00792,0.4088508059229184,High satisfaction score (10/10) decreased churn risk,Frequent support queries (8) increased churn risk,Low daily watch time (1.5 hours) increased churn risk,Engaged but Payment-Fragile,6,10,1.49,7,1,8,70,9548,2,3,0,0,0,1,0,0,0,0,1,0,0,0,0,0,0,1,0,1,0,0
C00793,0.9854838887896834,Frequent support queries (9) increased churn risk,Low engagement rate (3/10) increased churn risk,Low daily watch time (0.8 hours) increased churn risk,High-Risk Disengaged,12,4,0.77,3,3,9,68,8315,1,3,0,0,0,0,1,0,1,0,0,0,0,0,0,1,0,0,0,1,0,1
C00794,0.9398964269608286,Low engagement rate (1/10) increased churn risk,High satisfaction score (8/10) decreased churn risk,Few promotional offers used (0) increased churn risk,High-Risk Disengaged,6,8,2.48,1,3,7,29,619,0,5,0,0,1,0,0,0,1,0,0,0,0,0,0,0,1,0,0,1,0,1
C00795,0.1185415234869101,High engagement rate (10/10) decreased churn risk,High satisfaction score (8/10) decreased churn risk,Frequent support queries (9) increased churn risk,Satisfied Loyal,3,8,1.88,10,1,9,19,4927,5,4,1,0,0,0,0,0,0,0,0,1,0,0,0,0,0,1,0,0,1,0
C00796,0.6970053284214662,Low engagement rate (2/10) increased churn risk,Support queries logged (3) decreased churn risk,Few promotional offers used (1) increased churn risk,High-Risk Disengaged,6,6,3.04,2,2,3,47,6754,1,2,0,1,0,0,0,0,0,0,0,0,0,1,0,0,0,1,0,1,0,1
C00797,0.8525627185299847,Few promotional offers used (0) increased churn risk,Frequent support queries (8) increased churn risk,Delayed payment history increased churn risk,Engaged but Payment-Fragile,12,5,3.67,6,1,8,66,3855,0,3,0,0,1,0,0,0,0,1,0,0,0,0,0,1,0,0,0,1,0,0
C00798,0.8357245039999174,Low satisfaction score (1/10) increased churn risk,Frequent support queries (9) increased churn risk,Many promotional offers used (5) decreased churn risk,Engaged but Payment-Fragile,3,1,4.52,6,3,9,58,4392,5,4,0,1,0,0,0,0,1,0,0,0,0,0,1,0,0,0,0,1,0,1
C00799,0.794592548236965,Short subscription history (1 months) increased churn risk,Delayed payment history increased churn risk,Daily watch time (1.7 hours) increased churn risk,Engaged but Payment-Fragile,1,6,1.71,6,2,6,52,3631,2,3,0,1,0,0,0,0,0,0,0,0,0,1,0,1,0,0,0,1,0,1
C00800,0.0210511853521627,High satisfaction score (10/10) decreased churn risk,High engagement rate (10/10) decreased churn risk,Long subscription history (24 months) decreased churn risk,Engaged but Payment-Fragile,24,10,2.13,10,1,5,42,7320,1,4,0,0,1,0,0,1,0,0,0,0,0,0,0,0,0,0,1,1,0,0
C00801,0.1672257426034404,High engagement rate (10/10) decreased churn risk,Few promotional offers used (0) increased churn risk,High daily watch time (4.9 hours) decreased churn risk,Engaged but Payment-Fragile,3,6,4.9,10,2,4,35,4251,0,2,0,1,0,0,0,0,0,0,0,0,0,1,0,1,0,0,0,1,0,1
C00802,0.2862141616891113,Low engagement rate (1/10) increased churn risk,Few support queries (2) decreased churn risk,High daily watch time (4.2 hours) decreased churn risk,Satisfied Loyal,6,6,4.23,1,2,2,69,536,3,5,0,0,0,0,1,1,0,0,0,0,0,0,1,0,0,0,0,0,1,1
C00803,0.8094206301175051,High satisfaction score (7/10) decreased churn risk,Short subscription history (1 months) increased churn risk,Low daily watch time (1.3 hours) increased churn risk,High-Risk Disengaged,1,7,1.3,5,1,4,69,5664,1,5,0,0,0,1,0,1,0,0,0,0,0,0,1,0,0,0,0,1,0,1
C00804,0.938088651383965,High engagement rate (9/10) decreased churn risk,Few promotional offers used (0) increased churn risk,Low daily watch time (0.6 hours) increased churn risk,Engaged but Payment-Fragile,3,4,0.62,9,2,5,41,7596,0,5,0,0,1,0,0,0,0,0,0,1,0,0,0,0,1,0,0,1,0,1
C00805,0.6651504242518151,Low satisfaction score (1/10) increased churn risk,Low engagement rate (3/10) increased churn risk,Few support queries (2) decreased churn risk,High-Risk Disengaged,12,1,4.14,3,2,2,19,7479,3,3,0,1,0,0,0,1,0,0,0,0,0,0,0,0,0,1,0,1,0,1
C00806,0.2378682806234857,High satisfaction score (10/10) decreased churn risk,Low engagement rate (2/10) increased churn risk,Low daily watch time (0.5 hours) increased churn risk,Satisfied Loyal,1,10,0.52,2,2,3,46,832,4,4,0,1,0,0,0,0,0,0,0,0,0,1,0,1,0,0,0,0,1,1
C00807,0.3522272166095173,Frequent support queries (10) increased churn risk,Many promotional offers used (5) decreased churn risk,High satisfaction score (7/10) decreased churn risk,Satisfied Loyal,12,7,1.33,5,2,10,64,6447,5,1,0,0,0,1,0,0,0,0,0,0,1,0,0,0,0,1,0,0,1,0
C00808,0.5347902681847694,Low engagement rate (3/10) increased churn risk,Few support queries (2) decreased churn risk,Low satisfaction score (3/10) increased churn risk,High-Risk Disengaged,12,3,3.29,3,2,2,20,3854,3,4,0,0,1,0,0,0,1,0,0,0,0,0,1,0,0,0,0,1,0,1
C00809,0.6484599866362744,Many promotional offers used (5) decreased churn risk,Frequent support queries (8) increased churn risk,High engagement rate (8/10) decreased churn risk,Engaged but Payment-Fragile,3,6,1.01,8,3,8,22,2454,5,2,1,0,0,0,0,0,0,0,1,0,0,0,0,0,1,0,0,1,0,0
C00810,0.8947982351318019,Low engagement rate (1/10) increased churn risk,Long subscription history (24 months) decreased churn risk,Many promotional offers used (5) decreased churn risk,High-Risk Disengaged,24,4,0.87,1,2,8,54,4695,5,1,0,0,1,0,0,1,0,0,0,0,0,0,0,0,1,0,0,1,0,1
C00811,0.4142076664828716,Many promotional offers used (5) decreased churn risk,Low satisfaction score (3/10) increased churn risk,Short subscription history (3 months) increased churn risk,Low-Satisfaction At-Risk,3,3,2.53,5,3,4,53,9374,5,1,0,0,0,1,0,0,0,0,1,0,0,0,0,0,0,0,1,0,1,0
C00812,0.8925446499231564,Low satisfaction score (2/10) increased churn risk,Few support queries (1) decreased churn risk,Short subscription history (3 months) increased churn risk,Engaged but Payment-Fragile,3,2,1.54,6,1,1,57,4930,2,5,0,1,0,0,0,0,0,0,0,0,1,0,0,0,1,0,0,1,0,1
C00813,0.6329542422192804,High daily watch time (4.6 hours) decreased churn risk,Short subscription history (3 months) increased churn risk,Few promotional offers used (1) increased churn risk,Low-Satisfaction At-Risk,3,4,4.62,5,2,6,38,2210,1,5,0,0,0,1,0,0,0,0,0,0,0,1,0,0,1,0,0,0,1,0
C00814,0.3083523237329301,Low satisfaction score (2/10) increased churn risk,Few support queries (1) decreased churn risk,High engagement rate (8/10) decreased churn risk,Low-Satisfaction At-Risk,3,2,2.11,8,1,1,59,9641,4,2,0,0,0,1,0,1,0,0,0,0,0,0,0,0,1,0,0,0,1,0
C00815,0.1287416127792624,High satisfaction score (8/10) decreased churn risk,Many promotional offers used (5) decreased churn risk,Short subscription history (3 months) increased churn risk,Satisfied Loyal,3,8,1.44,6,3,4,39,7873,5,5,0,0,1,0,0,0,0,0,0,1,0,0,0,0,1,0,0,0,1,0
C00816,0.7299726896775516,Low engagement rate (1/10) increased churn risk,High satisfaction score (8/10) decreased churn risk,Few promotional offers used (0) increased churn risk,High-Risk Disengaged,12,8,3.52,1,2,5,64,8920,0,3,0,1,0,0,0,1,0,0,0,0,0,0,0,0,0,1,0,1,0,1
C00817,0.2722611674356692,Low satisfaction score (1/10) increased churn risk,High engagement rate (10/10) decreased churn risk,Long subscription history (24 months) decreased churn risk,Low-Satisfaction At-Risk,24,1,2.3,10,3,7,57,3486,3,1,0,0,1,0,0,0,0,0,0,1,0,0,1,0,0,0,0,0,1,0
C00818,0.6430413871201918,Low satisfaction score (3/10) increased churn risk,High engagement rate (8/10) decreased churn risk,Short subscription history (1 months) increased churn risk,Engaged but Payment-Fragile,1,3,3.67,8,2,7,56,3441,4,5,0,0,1,0,0,0,0,1,0,0,0,0,0,0,0,0,1,1,0,1
C00819,0.8000480039078178,Frequent support queries (10) increased churn risk,High satisfaction score (7/10) decreased churn risk,Short subscription history (3 months) increased churn risk,High-Risk Disengaged,3,7,3.87,5,2,10,52,8196,2,3,0,1,0,0,0,0,0,0,0,0,0,1,0,0,1,0,0,1,0,0
C00820,0.8998204831100673,Low satisfaction score (3/10) increased churn risk,Frequent support queries (7) increased churn risk,Delayed payment history increased churn risk,High-Risk Disengaged,12,3,1.88,5,2,7,28,1778,2,4,0,1,0,0,0,0,0,0,0,0,1,0,0,0,0,1,0,1,0,0
C00821,0.0508879497136384,Few support queries (0) decreased churn risk,Long subscription history (24 months) decreased churn risk,High satisfaction score (7/10) decreased churn risk,Engaged but Payment-Fragile,24,7,4.5,6,2,0,55,3209,1,5,0,1,0,0,0,0,0,0,0,1,0,0,0,0,1,0,0,1,0,0
C00822,0.9615489735037024,Low satisfaction score (1/10) increased churn risk,Frequent support queries (10) increased churn risk,Low daily watch time (1.3 hours) increased churn risk,Low-Satisfaction At-Risk,6,1,1.28,7,2,10,39,8956,2,5,0,0,0,0,1,0,0,0,0,0,1,0,0,0,0,0,1,0,1,1
C00823,0.031914956021173,High engagement rate (10/10) decreased churn risk,High daily watch time (4.9 hours) decreased churn risk,Frequent support queries (8) increased churn risk,Satisfied Loyal,3,7,4.91,10,3,8,24,7970,3,5,0,0,0,0,1,0,1,0,0,0,0,0,1,0,0,0,0,0,1,0
C00824,0.9831939356806764,Frequent support queries (10) increased churn risk,Low satisfaction score (2/10) increased churn risk,Short subscription history (3 months) increased churn risk,Low-Satisfaction At-Risk,3,2,1.88,4,2,10,23,3091,2,5,0,0,0,0,1,0,1,0,0,0,0,0,0,0,1,0,0,0,1,1
C00825,0.0325640188503886,High engagement rate (10/10) decreased churn risk,Few support queries (0) decreased churn risk,Many promotional offers used (5) decreased churn risk,Engaged but Payment-Fragile,3,4,4.73,10,2,0,29,4675,5,5,0,1,0,0,0,0,0,0,0,1,0,0,0,0,0,0,1,1,0,0
C00826,0.787214057581806,Low satisfaction score (1/10) increased churn risk,Few support queries (0) decreased churn risk,Few promotional offers used (1) increased churn risk,Engaged but Payment-Fragile,6,1,3.41,6,2,0,48,1849,1,1,0,0,1,0,0,0,0,0,0,1,0,0,0,0,0,1,0,1,0,1
C00827,0.8424874477389018,High satisfaction score (9/10) decreased churn risk,Low engagement rate (2/10) increased churn risk,Low daily watch time (0.7 hours) increased churn risk,High-Risk Disengaged,6,9,0.71,2,3,4,67,5761,1,3,1,0,0,0,0,0,1,0,0,0,0,0,0,1,0,0,0,1,0,0
C00828,0.9453280314761536,Low satisfaction score (1/10) increased churn risk,High engagement rate (10/10) decreased churn risk,Few promotional offers used (0) increased churn risk,Engaged but Payment-Fragile,1,1,1.39,10,1,4,37,5571,0,3,0,0,0,1,0,0,0,1,0,0,0,0,0,0,1,0,0,1,0,0
C00829,0.9613740575785348,Frequent support queries (10) increased churn risk,Few promotional offers used (0) increased churn risk,High daily watch time (4.8 hours) decreased churn risk,High-Risk Disengaged,6,4,4.79,4,2,10,63,2928,0,3,0,1,0,0,0,0,0,1,0,0,0,0,1,0,0,0,0,1,0,1
C00830,0.4387329225555044,Low satisfaction score (1/10) increased churn risk,High daily watch time (4.4 hours) decreased churn risk,Short subscription history (3 months) increased churn risk,Low-Satisfaction At-Risk,3,1,4.42,7,3,3,27,4908,2,2,0,1,0,0,0,0,0,0,0,0,0,1,0,0,1,0,0,0,1,0
C00831,0.5806565514917563,Few promotional offers used (0) increased churn risk,Frequent support queries (8) increased churn risk,High satisfaction score (7/10) decreased churn risk,Satisfied Loyal,3,7,3.09,7,2,8,70,3920,0,5,0,0,0,0,1,1,0,0,0,0,0,0,1,0,0,0,0,0,1,0
C00832,0.0338600631079373,Few support queries (0) decreased churn risk,High satisfaction score (8/10) decreased churn risk,Long subscription history (24 months) decreased churn risk,Engaged but Payment-Fragile,24,8,1.36,6,2,0,59,5415,3,5,0,0,1,0,0,0,0,0,0,1,0,0,0,0,0,1,0,1,0,0
C00833,0.6709753722993829,Low satisfaction score (2/10) increased churn risk,Few support queries (1) decreased churn risk,High engagement rate (8/10) decreased churn risk,Engaged but Payment-Fragile,6,2,1.56,8,2,1,38,1814,2,4,0,0,0,0,1,0,0,0,1,0,0,0,0,0,0,0,1,1,0,1
C00834,0.0829847910425184,High satisfaction score (8/10) decreased churn risk,High daily watch time (5.0 hours) decreased churn risk,Frequent support queries (8) increased churn risk,Satisfied Loyal,3,8,4.99,7,2,8,23,833,3,1,0,1,0,0,0,1,0,0,0,0,0,0,1,0,0,0,0,0,1,0
C00835,0.6335828665572587,Many promotional offers used (5) decreased churn risk,Short subscription history (1 months) increased churn risk,Low engagement rate (4/10) increased churn risk,High-Risk Disengaged,1,5,2.53,4,3,6,37,8126,5,1,0,0,0,0,1,1,0,0,0,0,0,0,0,0,0,1,0,1,0,0
C00836,0.6822128735538254,Low engagement rate (1/10) increased churn risk,Low satisfaction score (2/10) increased churn risk,Long subscription history (24 months) decreased churn risk,Low-Satisfaction At-Risk,24,2,4.08,1,1,7,54,8118,4,5,0,0,0,1,0,1,0,0,0,0,0,0,0,0,1,0,0,0,1,1
C00837,0.2574053200732659,High engagement rate (10/10) decreased churn risk,Few support queries (0) decreased churn risk,Low satisfaction score (3/10) increased churn risk,Engaged but Payment-Fragile,6,3,1.57,10,2,0,28,784,2,5,0,0,0,0,1,1,0,0,0,0,0,0,1,0,0,0,0,1,0,0
C00838,0.3766400474976932,Low engagement rate (1/10) increased churn risk,Many promotional offers used (5) decreased churn risk,Support queries logged (3) decreased churn risk,Satisfied Loyal,12,5,2.64,1,2,3,51,4356,5,2,0,1,0,0,0,0,0,0,0,1,0,0,1,0,0,0,0,0,1,0
C00839,0.1427469388135793,High satisfaction score (9/10) decreased churn risk,Low engagement rate (2/10) increased churn risk,Many promotional offers used (4) decreased churn risk,Satisfied Loyal,12,9,2.44,2,3,7,30,7188,4,4,0,0,0,0,1,0,0,1,0,0,0,0,1,0,0,0,0,0,1,0
C00840,0.9291133264586108,Frequent support queries (10) increased churn risk,High engagement rate (9/10) decreased churn risk,Few promotional offers used (0) increased churn risk,Low-Satisfaction At-Risk,1,4,1.65,9,1,10,68,5038,0,4,1,0,0,0,0,0,0,0,0,0,0,1,0,0,0,0,1,0,1,0
C00841,0.251065116861593,Many promotional offers used (5) decreased churn risk,Low satisfaction score (3/10) increased churn risk,High daily watch time (4.4 hours) decreased churn risk,Engaged but Payment-Fragile,12,3,4.41,7,1,5,32,4233,5,2,0,0,0,0,1,0,1,0,0,0,0,0,0,0,1,0,0,1,0,0
C00842,0.7363227385629436,Low satisfaction score (1/10) increased churn risk,High engagement rate (10/10) decreased churn risk,Frequent support queries (9) increased churn risk,Low-Satisfaction At-Risk,12,1,4.48,10,1,9,63,4556,1,3,0,0,0,0,1,0,0,0,0,1,0,0,0,0,0,0,1,0,1,1
C00843,0.2756349682511232,Long subscription history (24 months) decreased churn risk,Low daily watch time (1.2 hours) increased churn risk,Few promotional offers used (1) increased churn risk,Low-Satisfaction At-Risk,24,5,1.25,7,2,7,24,9064,1,1,0,0,0,1,0,0,0,0,0,0,1,0,0,0,0,1,0,0,1,1
C00844,0.2601004766216273,Many promotional offers used (5) decreased churn risk,Low daily watch time (0.9 hours) increased churn risk,High engagement rate (8/10) decreased churn risk,Engaged but Payment-Fragile,3,6,0.89,8,2,4,70,7605,5,4,0,0,1,0,0,1,0,0,0,0,0,0,1,0,0,0,0,1,0,0
C00845,0.0234379551091353,High engagement rate (9/10) decreased churn risk,Many promotional offers used (5) decreased churn risk,Daily watch time (1.6 hours) increased churn risk,Low-Satisfaction At-Risk,12,6,1.63,9,1,4,43,9262,5,4,0,0,0,0,1,0,0,0,0,0,0,1,0,0,0,0,1,0,1,0
C00846,0.0184165333735437,Few support queries (0) decreased churn risk,High engagement rate (8/10) decreased churn risk,On-Time payment history decreased churn risk,Low-Satisfaction At-Risk,12,6,2.97,8,2,0,22,7807,2,2,0,1,0,0,0,0,0,0,0,0,1,0,0,0,0,1,0,0,1,0
C00847,0.954029986022598,Low satisfaction score (2/10) increased churn risk,Few support queries (1) decreased churn risk,Few promotional offers used (0) increased churn risk,High-Risk Disengaged,6,2,2.86,3,1,1,63,613,0,4,0,0,0,0,1,0,1,0,0,0,0,0,0,1,0,0,0,1,0,1
C00848,0.4465915880188871,High satisfaction score (10/10) decreased churn risk,Low daily watch time (0.8 hours) increased churn risk,Short subscription history (3 months) increased churn risk,Satisfied Loyal,3,10,0.81,5,2,7,19,2286,1,5,0,1,0,0,0,1,0,0,0,0,0,0,0,0,0,1,0,0,1,1
C00849,0.9062566226371742,Low engagement rate (1/10) increased churn risk,Few support queries (2) decreased churn risk,Low satisfaction score (3/10) increased churn risk,High-Risk Disengaged,3,3,2.44,1,1,2,70,8018,4,3,0,0,0,1,0,0,1,0,0,0,0,0,0,1,0,0,0,1,0,1
C00850,0.0725406183220103,Many promotional offers used (5) decreased churn risk,Few support queries (2) decreased churn risk,Low satisfaction score (3/10) increased churn risk,Low-Satisfaction At-Risk,6,3,3.79,6,1,2,44,5669,5,4,0,0,1,0,0,0,0,0,0,0,0,1,0,0,0,1,0,0,1,0
C00851,0.987214991040016,Low satisfaction score (1/10) increased churn risk,Short subscription history (1 months) increased churn risk,Low engagement rate (4/10) increased churn risk,High-Risk Disengaged,1,1,1.52,4,1,5,47,4143,2,4,0,1,0,0,0,0,1,0,0,0,0,0,0,0,0,0,1,1,0,1
C00852,0.022230127503725,High engagement rate (10/10) decreased churn risk,High satisfaction score (7/10) decreased churn risk,High daily watch time (4.4 hours) decreased churn risk,Satisfied Loyal,6,7,4.42,10,3,5,18,1078,2,1,0,1,0,0,0,0,0,0,0,0,0,1,0,1,0,0,0,0,1,0
C00853,0.1775353168519846,High satisfaction score (10/10) decreased churn risk,Low daily watch time (1.2 hours) increased churn risk,On-Time payment history decreased churn risk,Satisfied Loyal,12,10,1.23,5,1,6,48,4064,3,4,1,0,0,0,0,0,0,1,0,0,0,0,0,0,1,0,0,0,1,0
C00854,0.1602102979193985,High satisfaction score (9/10) decreased churn risk,Long subscription history (24 months) decreased churn risk,Frequent support queries (9) increased churn risk,High-Risk Disengaged,24,9,3.87,5,2,9,65,6905,3,1,0,1,0,0,0,1,0,0,0,0,0,0,0,0,1,0,0,1,0,0
C00855,0.9909938013330014,Low engagement rate (2/10) increased churn risk,Few promotional offers used (0) increased churn risk,Low satisfaction score (3/10) increased churn risk,High-Risk Disengaged,1,3,3.58,2,3,7,26,4952,0,3,0,0,0,1,0,0,0,0,0,1,0,0,0,0,0,0,1,1,0,1
C00856,0.6346750561096873,Frequent support queries (9) increased churn risk,High engagement rate (9/10) decreased churn risk,Delayed payment history increased churn risk,Engaged but Payment-Fragile,12,4,3.26,9,1,9,32,7795,3,1,1,0,0,0,0,0,0,0,0,1,0,0,0,0,0,1,0,1,0,1
C00857,0.1210759154773787,High satisfaction score (10/10) decreased churn risk,Low engagement rate (2/10) increased churn risk,Long subscription history (24 months) decreased churn risk,High-Risk Disengaged,24,10,1.23,2,2,6,64,6381,5,2,0,0,0,0,1,0,0,0,1,0,0,0,1,0,0,0,0,1,0,0
C00858,0.9090333762058064,Low engagement rate (1/10) increased churn risk,Frequent support queries (10) increased churn risk,Long subscription history (24 months) decreased churn risk,High-Risk Disengaged,24,3,4.17,1,3,10,61,3272,3,5,0,0,0,0,1,0,0,0,0,0,1,0,0,1,0,0,0,1,0,1
C00859,0.9497617886523176,Low satisfaction score (2/10) increased churn risk,Low engagement rate (2/10) increased churn risk,Short subscription history (3 months) increased churn risk,Low-Satisfaction At-Risk,3,2,1.57,2,1,5,63,8086,3,2,0,0,0,0,1,0,0,0,1,0,0,0,0,0,0,1,0,0,1,1
C00860,0.1866691478121719,High satisfaction score (7/10) decreased churn risk,Few promotional offers used (1) increased churn risk,On-Time payment history decreased churn risk,Satisfied Loyal,6,7,3.41,6,3,5,34,3304,1,1,0,0,1,0,0,0,0,0,0,0,1,0,0,0,0,1,0,0,1,0
C00861,0.9692497095341468,Frequent support queries (10) increased churn risk,Few promotional offers used (0) increased churn risk,High engagement rate (8/10) decreased churn risk,Engaged but Payment-Fragile,1,4,2.58,8,2,10,53,7319,0,5,0,1,0,0,0,0,0,0,1,0,0,0,0,0,0,0,1,1,0,1
C00862,0.6036643502586382,Low satisfaction score (2/10) increased churn risk,High engagement rate (8/10) decreased churn risk,Short subscription history (3 months) increased churn risk,Low-Satisfaction At-Risk,3,2,1.93,8,2,3,25,3421,2,2,0,1,0,0,0,0,0,0,1,0,0,0,0,0,0,0,1,0,1,0
C00863,0.172502189331077,High engagement rate (9/10) decreased churn risk,Short subscription history (1 months) increased churn risk,On-Time payment history decreased churn risk,Low-Satisfaction At-Risk,1,5,3.52,9,1,4,69,8912,3,4,0,1,0,0,0,0,1,0,0,0,0,0,0,0,1,0,0,0,1,0
C00864,0.0265344714852827,High satisfaction score (10/10) decreased churn risk,High engagement rate (8/10) decreased churn risk,Frequent support queries (7) increased churn risk,Satisfied Loyal,12,10,3.38,8,1,7,61,4385,3,4,1,0,0,0,0,1,0,0,0,0,0,0,0,0,0,1,0,0,1,0
C00865,0.4604347589978679,Many promotional offers used (5) decreased churn risk,Frequent support queries (8) increased churn risk,Delayed payment history increased churn risk,High-Risk Disengaged,6,6,3.48,5,3,8,64,6587,5,1,0,0,0,0,1,0,0,0,0,0,1,0,0,0,0,0,1,1,0,1
C00866,0.2968459650557536,Few support queries (1) decreased churn risk,Low satisfaction score (3/10) increased churn risk,High engagement rate (8/10) decreased churn risk,Engaged but Payment-Fragile,3,3,4.47,8,3,1,66,4783,2,1,0,0,0,0,1,0,1,0,0,0,0,0,0,1,0,0,0,1,0,0
C00867,0.6314469088635085,High satisfaction score (10/10) decreased churn risk,Low engagement rate (1/10) increased churn risk,Frequent support queries (10) increased churn risk,Satisfied Loyal,24,10,2.08,1,3,10,54,3036,1,5,0,0,1,0,0,0,0,0,0,1,0,0,0,0,1,0,0,0,1,1
C00868,0.2938408770895243,High satisfaction score (10/10) decreased churn risk,Few support queries (0) decreased churn risk,Low engagement rate (2/10) increased churn risk,High-Risk Disengaged,12,10,1.6,2,2,0,40,1296,2,4,0,1,0,0,0,0,0,0,0,1,0,0,0,0,1,0,0,1,0,0
C00869,0.90066358511347,Low satisfaction score (2/10) increased churn risk,Low daily watch time (0.8 hours) increased churn risk,Delayed payment history increased churn risk,Engaged but Payment-Fragile,12,2,0.77,7,2,6,36,5453,3,2,0,0,0,0,1,0,0,0,1,0,0,0,0,0,1,0,0,1,0,1
C00870,0.3799596462025619,Many promotional offers used (5) decreased churn risk,Frequent support queries (8) increased churn risk,Low satisfaction score (3/10) increased churn risk,Low-Satisfaction At-Risk,6,3,2.07,8,3,8,41,2292,5,4,0,0,0,0,1,1,0,0,0,0,0,0,0,0,0,1,0,0,1,0
C00871,0.5023776627558945,High satisfaction score (9/10) decreased churn risk,Short subscription history (3 months) increased churn risk,Few promotional offers used (1) increased churn risk,High-Risk Disengaged,3,9,3.54,5,3,7,52,8616,1,2,0,0,1,0,0,0,0,0,0,0,1,0,0,0,0,0,1,1,0,1
C00872,0.9626564403163472,Low engagement rate (2/10) increased churn risk,Few promotional offers used (0) increased churn risk,Delayed payment history increased churn risk,High-Risk Disengaged,6,4,2.6,2,1,4,68,9312,0,2,0,0,0,0,1,0,0,0,1,0,0,0,0,0,0,1,0,1,0,1
C00873,0.3891474893226503,Low satisfaction score (1/10) increased churn risk,Long subscription history (24 months) decreased churn risk,High engagement rate (8/10) decreased churn risk,Engaged but Payment-Fragile,24,1,3.42,8,2,6,61,718,3,4,0,0,1,0,0,0,1,0,0,0,0,0,0,0,0,1,0,1,0,1
C00874,0.1037143461494402,High satisfaction score (9/10) decreased churn risk,High engagement rate (10/10) decreased churn risk,Short subscription history (3 months) increased churn risk,Engaged but Payment-Fragile,3,9,3.51,10,1,5,60,3698,2,1,0,0,1,0,0,0,0,0,0,1,0,0,1,0,0,0,0,1,0,0
C00875,0.6708708794068302,Low satisfaction score (1/10) increased churn risk,High engagement rate (10/10) decreased churn risk,Few promotional offers used (0) increased churn risk,Low-Satisfaction At-Risk,3,1,3.46,10,3,5,58,6957,0,1,0,0,1,0,0,0,0,0,0,0,1,0,0,0,0,0,1,0,1,0
C00876,0.8300576659523964,Low satisfaction score (2/10) increased churn risk,Low engagement rate (3/10) increased churn risk,Short subscription history (1 months) increased churn risk,High-Risk Disengaged,1,2,4.2,3,2,3,32,8512,4,4,0,1,0,0,0,0,0,0,0,1,0,0,1,0,0,0,0,1,0,1
C00877,0.3034278404435478,High engagement rate (9/10) decreased churn risk,Few promotional offers used (0) increased churn risk,High daily watch time (3.9 hours) decreased churn risk,Low-Satisfaction At-Risk,6,5,3.94,9,1,4,28,3468,0,2,0,1,0,0,0,0,0,0,0,1,0,0,0,0,0,0,1,0,1,1
C00878,0.4959658344901175,Frequent support queries (10) increased churn risk,Long subscription history (24 months) decreased churn risk,Few promotional offers used (1) increased churn risk,Engaged but Payment-Fragile,24,6,3.43,7,2,10,40,6164,1,5,0,0,1,0,0,0,0,1,0,0,0,0,0,0,1,0,0,1,0,0
C00879,0.6187979500683846,Low engagement rate (2/10) increased churn risk,On-Time payment history decreased churn risk,Satisfaction score (6/10) decreased churn risk,Satisfied Loyal,12,6,2.13,2,3,5,42,9238,2,5,0,1,0,0,0,0,0,0,1,0,0,0,0,1,0,0,0,0,1,0
C00880,0.8262204906733762,Low engagement rate (2/10) increased churn risk,High satisfaction score (8/10) decreased churn risk,Frequent support queries (8) increased churn risk,High-Risk Disengaged,3,8,2.07,2,3,8,42,3418,4,3,1,0,0,0,0,0,0,0,0,0,1,0,0,0,0,0,1,1,0,1
C00881,0.2968420678740381,High satisfaction score (9/10) decreased churn risk,Low engagement rate (1/10) increased churn risk,Few support queries (1) decreased churn risk,Satisfied Loyal,3,9,2.11,1,3,1,61,6460,1,3,0,0,0,0,1,0,1,0,0,0,0,0,0,0,0,1,0,0,1,1
C00882,0.5594773347126252,Low satisfaction score (2/10) increased churn risk,Long subscription history (24 months) decreased churn risk,Many promotional offers used (4) decreased churn risk,High-Risk Disengaged,24,2,3.27,5,2,6,18,2279,4,4,1,0,0,0,0,0,0,0,0,0,1,0,0,1,0,0,0,1,0,0
C00883,0.3305476772127969,High engagement rate (10/10) decreased churn risk,Frequent support queries (10) increased churn risk,High daily watch time (4.8 hours) decreased churn risk,Low-Satisfaction At-Risk,12,5,4.76,10,2,10,40,1857,1,4,0,0,1,0,0,0,0,0,0,1,0,0,0,1,0,0,0,0,1,0
C00884,0.0924806354707948,High engagement rate (10/10) decreased churn risk,High satisfaction score (8/10) decreased churn risk,Delayed payment history increased churn risk,Engaged but Payment-Fragile,12,8,1.94,10,2,6,41,7306,2,2,0,1,0,0,0,0,0,1,0,0,0,0,0,0,0,1,0,1,0,0
C00885,0.8479350995666324,Frequent support queries (9) increased churn risk,Low daily watch time (0.5 hours) increased churn risk,Low engagement rate (4/10) increased churn risk,Satisfied Loyal,12,6,0.54,4,3,9,52,8732,2,4,0,0,0,0,1,0,1,0,0,0,0,0,0,0,1,0,0,0,1,0
C00886,0.832387876858626,Frequent support queries (10) increased churn risk,Low engagement rate (2/10) increased churn risk,High satisfaction score (8/10) decreased churn risk,Satisfied Loyal,1,8,3.88,2,2,10,21,8512,1,4,1,0,0,0,0,1,0,0,0,0,0,0,1,0,0,0,0,0,1,1
C00887,0.2078795332125259,Low engagement rate (1/10) increased churn risk,Long subscription history (24 months) decreased churn risk,High satisfaction score (7/10) decreased churn risk,High-Risk Disengaged,24,7,4.34,1,3,5,37,8565,3,4,0,0,1,0,0,0,0,0,0,0,1,0,0,1,0,0,0,1,0,0
C00888,0.0613232229225571,High engagement rate (10/10) decreased churn risk,High daily watch time (4.1 hours) decreased churn risk,Frequent support queries (7) increased churn risk,Low-Satisfaction At-Risk,12,6,4.08,10,3,7,55,3877,2,1,0,1,0,0,0,0,0,0,0,0,1,0,0,0,0,0,1,0,1,0
C00889,0.1662875448394709,High satisfaction score (9/10) decreased churn risk,Low engagement rate (2/10) increased churn risk,Long subscription history (24 months) decreased churn risk,High-Risk Disengaged,24,9,1.12,2,1,3,42,5522,4,4,1,0,0,0,0,1,0,0,0,0,0,0,0,0,0,0,1,1,0,0
C00890,0.066825843299779,High daily watch time (4.6 hours) decreased churn risk,Many promotional offers used (4) decreased churn risk,Support queries logged (3) decreased churn risk,Low-Satisfaction At-Risk,12,4,4.56,6,1,3,43,3015,4,4,0,0,0,1,0,0,0,0,0,0,0,1,0,0,1,0,0,0,1,0
C00891,0.7885324776451551,Few promotional offers used (0) increased churn risk,Delayed payment history increased churn risk,Low satisfaction score (4/10) increased churn risk,High-Risk Disengaged,6,4,3.41,5,3,4,48,7828,0,5,0,0,1,0,0,1,0,0,0,0,0,0,0,0,0,1,0,1,0,1
C00892,0.0896000240545226,High satisfaction score (10/10) decreased churn risk,High daily watch time (4.8 hours) decreased churn risk,Frequent support queries (8) increased churn risk,Engaged but Payment-Fragile,6,10,4.82,7,1,8,33,9314,3,5,0,0,1,0,0,0,0,0,1,0,0,0,0,0,0,0,1,1,0,0
C00893,0.9173241691741524,Low daily watch time (0.8 hours) increased churn risk,Low engagement rate (4/10) increased churn risk,Few promotional offers used (1) increased churn risk,High-Risk Disengaged,12,5,0.84,4,1,5,59,9349,1,2,1,0,0,0,0,1,0,0,0,0,0,0,1,0,0,0,0,1,0,1
C00894,0.3912659077706792,Long subscription history (24 months) decreased churn risk,Low daily watch time (1.0 hours) increased churn risk,Support queries logged (3) decreased churn risk,Low-Satisfaction At-Risk,24,4,1.03,6,1,3,52,5234,2,5,1,0,0,0,0,0,0,0,0,1,0,0,0,0,0,0,1,0,1,1
C00895,0.0066265560431756,High satisfaction score (8/10) decreased churn risk,Long subscription history (24 months) decreased churn risk,High engagement rate (9/10) decreased churn risk,Engaged but Payment-Fragile,24,8,4.87,9,2,7,50,8933,5,3,0,0,0,1,0,0,1,0,0,0,0,0,0,1,0,0,0,1,0,0
C00896,0.4987410824347185,High satisfaction score (9/10) decreased churn risk,Frequent support queries (10) increased churn risk,Long subscription history (24 months) decreased churn risk,Satisfied Loyal,24,9,1.31,4,1,10,52,7153,0,3,0,0,0,0,1,0,0,0,0,0,1,0,0,0,0,1,0,0,1,1
C00897,0.7389341078471098,Frequent support queries (10) increased churn risk,High engagement rate (8/10) decreased churn risk,Short subscription history (3 months) increased churn risk,Low-Satisfaction At-Risk,3,6,3.28,8,1,10,39,4210,1,2,0,0,0,1,0,0,0,0,0,1,0,0,0,0,0,0,1,0,1,0
C00898,0.4014874279001468,High engagement rate (9/10) decreased churn risk,Few support queries (2) decreased churn risk,Low satisfaction score (3/10) increased churn risk,Engaged but Payment-Fragile,3,3,3.23,9,3,2,33,1672,1,2,0,0,1,0,0,0,0,1,0,0,0,0,1,0,0,0,0,1,0,0
C00899,0.3884021453479935,Frequent support queries (10) increased churn risk,High engagement rate (9/10) decreased churn risk,Many promotional offers used (5) decreased churn risk,Engaged but Payment-Fragile,1,7,4.48,9,2,10,43,3953,5,5,1,0,0,0,0,0,0,0,0,1,0,0,0,0,1,0,0,1,0,0
C00900,0.6541547292766023,Low engagement rate (2/10) increased churn risk,Many promotional offers used (5) decreased churn risk,Few support queries (2) decreased churn risk,High-Risk Disengaged,6,4,2.58,2,1,2,18,7623,5,4,0,0,0,1,0,1,0,0,0,0,0,0,0,0,1,0,0,1,0,0
C00901,0.570075609896388,High satisfaction score (9/10) decreased churn risk,Low daily watch time (0.6 hours) increased churn risk,Short subscription history (1 months) increased churn risk,High-Risk Disengaged,1,9,0.59,5,3,6,33,8367,3,1,0,1,0,0,0,0,0,1,0,0,0,0,0,0,0,0,1,1,0,1
C00902,0.0123071353903617,High satisfaction score (10/10) decreased churn risk,Few support queries (1) decreased churn risk,High engagement rate (9/10) decreased churn risk,Engaged but Payment-Fragile,12,10,1.18,9,3,1,39,8065,5,3,1,0,0,0,0,0,0,0,0,1,0,0,0,1,0,0,0,1,0,0
C00903,0.0107497501846568,High satisfaction score (10/10) decreased churn risk,High engagement rate (10/10) decreased churn risk,Long subscription history (24 months) decreased churn risk,Engaged but Payment-Fragile,24,10,2.07,10,1,1,44,1305,0,5,0,0,1,0,0,0,0,0,0,0,1,0,0,0,0,0,1,1,0,0
C00904,0.783226494454145,Low engagement rate (2/10) increased churn risk,Frequent support queries (9) increased churn risk,High satisfaction score (7/10) decreased churn risk,Satisfied Loyal,6,7,1.98,2,3,9,19,6128,2,3,0,1,0,0,0,0,0,1,0,0,0,0,0,0,0,1,0,0,1,1
C00905,0.0507367109653502,High satisfaction score (8/10) decreased churn risk,Long subscription history (24 months) decreased churn risk,Few support queries (1) decreased churn risk,High-Risk Disengaged,24,8,2.72,3,3,1,26,6216,3,4,0,1,0,0,0,0,0,0,0,0,1,0,0,1,0,0,0,1,0,0
C00906,0.1973646122517313,Few support queries (0) decreased churn risk,Low engagement rate (2/10) increased churn risk,High satisfaction score (8/10) decreased churn risk,Satisfied Loyal,12,8,0.76,2,2,0,47,740,3,2,0,0,0,0,1,1,0,0,0,0,0,0,0,0,1,0,0,0,1,1
C00907,0.3360143627607803,Low engagement rate (2/10) increased churn risk,Many promotional offers used (5) decreased churn risk,High daily watch time (4.8 hours) decreased churn risk,High-Risk Disengaged,3,5,4.85,2,1,2,59,5158,5,3,0,0,0,1,0,0,0,1,0,0,0,0,0,0,0,0,1,1,0,0
C00908,0.0314661590553084,High satisfaction score (10/10) decreased churn risk,Low engagement rate (1/10) increased churn risk,Few support queries (0) decreased churn risk,High-Risk Disengaged,24,10,3.28,1,2,0,67,4137,4,3,0,0,0,0,1,0,0,0,0,1,0,0,0,0,0,0,1,1,0,0
C00909,0.134806348992724,Long subscription history (24 months) decreased churn risk,Low engagement rate (3/10) increased churn risk,Few support queries (2) decreased churn risk,High-Risk Disengaged,24,6,2.07,3,2,2,68,9248,4,5,0,1,0,0,0,1,0,0,0,0,0,0,0,0,0,1,0,1,0,0
C00910,0.1345077771175392,High engagement rate (8/10) decreased churn risk,High daily watch time (4.4 hours) decreased churn risk,Support queries logged (3) decreased churn risk,Engaged but Payment-Fragile,12,4,4.43,8,2,3,37,5272,3,1,1,0,0,0,0,0,0,0,1,0,0,0,0,0,0,1,0,1,0,0
C00911,0.6540127657015772,High satisfaction score (9/10) decreased churn risk,Frequent support queries (10) increased churn risk,Low engagement rate (3/10) increased churn risk,High-Risk Disengaged,1,9,3.32,3,2,10,43,3179,4,2,0,0,0,0,1,0,1,0,0,0,0,0,1,0,0,0,0,1,0,0
C00912,0.2384160930000958,High satisfaction score (8/10) decreased churn risk,Frequent support queries (9) increased churn risk,High engagement rate (9/10) decreased churn risk,Engaged but Payment-Fragile,6,8,3.71,9,3,9,55,9437,1,4,0,1,0,0,0,0,0,0,0,0,0,1,1,0,0,0,0,1,0,1
C00913,0.9206281316051104,Long subscription history (24 months) decreased churn risk,Few promotional offers used (0) increased churn risk,Low satisfaction score (3/10) increased churn risk,High-Risk Disengaged,24,3,2.72,4,1,7,27,1216,0,4,0,0,0,0,1,0,1,0,0,0,0,0,0,0,1,0,0,1,0,1
C00914,0.3156803366359387,High satisfaction score (9/10) decreased churn risk,Frequent support queries (9) increased churn risk,High engagement rate (9/10) decreased churn risk,Engaged but Payment-Fragile,1,9,2.04,9,3,9,57,4531,3,1,0,0,1,0,0,0,0,0,1,0,0,0,1,0,0,0,0,1,0,1
C00915,0.1609236009525108,High satisfaction score (8/10) decreased churn risk,Support queries logged (3) decreased churn risk,Delayed payment history increased churn risk,Engaged but Payment-Fragile,6,8,2.74,7,1,3,35,3878,3,4,0,1,0,0,0,0,0,0,0,0,1,0,0,0,1,0,0,1,0,0
C00916,0.7413629760240829,Low satisfaction score (2/10) increased churn risk,Low engagement rate (2/10) increased churn risk,Few support queries (1) decreased churn risk,Low-Satisfaction At-Risk,12,2,2.02,2,1,1,51,8626,1,3,0,0,0,1,0,0,0,0,0,0,0,1,1,0,0,0,0,0,1,0
C00917,0.1865457481463911,Long subscription history (24 months) decreased churn risk,Few support queries (1) decreased churn risk,High engagement rate (9/10) decreased churn risk,Engaged but Payment-Fragile,24,5,1.86,9,3,1,67,5127,0,4,0,0,0,0,1,0,0,0,0,1,0,0,0,1,0,0,0,1,0,1
C00918,0.5148544486166654,Few promotional offers used (0) increased churn risk,Low engagement rate (3/10) increased churn risk,High satisfaction score (7/10) decreased churn risk,Satisfied Loyal,6,7,4.43,3,1,5,56,5615,0,2,0,0,1,0,0,0,0,0,0,0,0,1,0,0,1,0,0,0,1,0
C00919,0.5020909813740518,Long subscription history (24 months) decreased churn risk,Few promotional offers used (1) increased churn risk,Delayed payment history increased churn risk,High-Risk Disengaged,24,5,2.28,5,1,5,66,6308,1,2,0,0,0,1,0,0,0,1,0,0,0,0,1,0,0,0,0,1,0,0
C00920,0.8042057651594502,Low satisfaction score (2/10) increased churn risk,Low engagement rate (2/10) increased churn risk,Few support queries (2) decreased churn risk,Low-Satisfaction At-Risk,6,2,1.09,2,2,2,47,6362,4,3,1,0,0,0,0,0,0,1,0,0,0,0,0,0,0,1,0,0,1,0
C00921,0.8666661294732197,Low satisfaction score (1/10) increased churn risk,Low engagement rate (1/10) increased churn risk,Few support queries (2) decreased churn risk,Low-Satisfaction At-Risk,12,1,1.79,1,2,2,24,9249,2,1,0,0,0,0,1,0,0,0,0,0,0,1,0,1,0,0,0,0,1,0
C00922,0.2687292699231323,High engagement rate (10/10) decreased churn risk,Low satisfaction score (2/10) increased churn risk,Few promotional offers used (0) increased churn risk,Low-Satisfaction At-Risk,6,2,4.61,10,1,3,32,9386,0,2,0,0,0,1,0,0,1,0,0,0,0,0,0,1,0,0,0,0,1,0
C00923,0.0456248301527516,High satisfaction score (9/10) decreased churn risk,High engagement rate (10/10) decreased churn risk,Low daily watch time (1.0 hours) increased churn risk,Satisfied Loyal,12,9,0.99,10,2,7,40,3209,3,5,0,0,0,1,0,0,1,0,0,0,0,0,0,1,0,0,0,0,1,0
C00924,0.2426777340642625,Low satisfaction score (1/10) increased churn risk,Few support queries (1) decreased churn risk,High engagement rate (9/10) decreased churn risk,Engaged but Payment-Fragile,12,1,4.34,9,1,1,18,3383,3,1,1,0,0,0,0,1,0,0,0,0,0,0,0,1,0,0,0,1,0,0
C00925,0.9547013241896272,Low engagement rate (1/10) increased churn risk,Few promotional offers used (0) increased churn risk,Few support queries (2) decreased churn risk,High-Risk Disengaged,1,4,2.38,1,1,2,39,6247,0,2,0,0,0,0,1,0,0,0,0,0,0,1,1,0,0,0,0,1,0,1
C00926,0.0167398274028989,High engagement rate (10/10) decreased churn risk,Long subscription history (24 months) decreased churn risk,Few support queries (1) decreased churn risk,Low-Satisfaction At-Risk,24,3,4.12,10,3,1,70,8355,0,4,0,0,0,1,0,0,0,0,0,0,0,1,1,0,0,0,0,0,1,0
C00927,0.7118589831741136,Low satisfaction score (1/10) increased churn risk,Few support queries (0) decreased churn risk,Few promotional offers used (0) increased churn risk,Engaged but Payment-Fragile,1,1,3.98,7,3,0,30,5936,0,2,0,0,0,0,1,1,0,0,0,0,0,0,1,0,0,0,0,1,0,1
C00928,0.6954781202251457,High satisfaction score (8/10) decreased churn risk,Low engagement rate (3/10) increased churn risk,Few promotional offers used (1) increased churn risk,High-Risk Disengaged,6,8,1.56,3,1,5,28,9395,1,2,0,0,0,1,0,0,0,0,0,0,0,1,1,0,0,0,0,1,0,1
C00929,0.0214092092085612,High engagement rate (10/10) decreased churn risk,High satisfaction score (8/10) decreased churn risk,Long subscription history (24 months) decreased churn risk,Engaged but Payment-Fragile,24,8,0.56,10,1,5,26,9011,4,1,0,0,1,0,0,1,0,0,0,0,0,0,0,0,0,1,0,1,0,0
C00930,0.6677376995009593,High engagement rate (10/10) decreased churn risk,Few support queries (0) decreased churn risk,Low satisfaction score (2/10) increased churn risk,Engaged but Payment-Fragile,6,2,1.0,10,3,0,56,1556,0,4,1,0,0,0,0,0,0,0,0,0,1,0,0,0,0,1,0,1,0,0
C00931,0.8380491559089545,Low engagement rate (2/10) increased churn risk,Frequent support queries (8) increased churn risk,Short subscription history (1 months) increased churn risk,Satisfied Loyal,1,6,2.32,2,3,8,67,6953,4,2,0,1,0,0,0,0,0,0,1,0,0,0,0,1,0,0,0,0,1,1
C00932,0.1296028242025391,Few support queries (0) decreased churn risk,High engagement rate (9/10) decreased churn risk,Low satisfaction score (3/10) increased churn risk,Engaged but Payment-Fragile,12,3,2.84,9,2,0,70,3578,4,4,1,0,0,0,0,0,0,1,0,0,0,0,0,0,1,0,0,1,0,0
C00933,0.944733888251031,Low satisfaction score (2/10) increased churn risk,Low engagement rate (2/10) increased churn risk,Few support queries (1) decreased churn risk,Low-Satisfaction At-Risk,3,2,2.78,2,2,1,60,1367,0,4,0,0,0,1,0,0,0,0,1,0,0,0,0,0,1,0,0,0,1,1
C00934,0.5316943768734878,Low engagement rate (1/10) increased churn risk,High satisfaction score (7/10) decreased churn risk,Short subscription history (3 months) increased churn risk,High-Risk Disengaged,3,7,2.95,1,2,3,50,9936,3,4,0,0,0,1,0,0,0,0,0,0,0,1,1,0,0,0,0,1,0,1
C00935,0.8586491133012835,Low engagement rate (1/10) increased churn risk,High satisfaction score (8/10) decreased churn risk,Frequent support queries (9) increased churn risk,High-Risk Disengaged,12,8,0.68,1,1,9,20,8243,4,1,0,0,0,0,1,0,0,0,0,0,0,1,0,0,1,0,0,1,0,1
C00936,0.9715536244263904,Low satisfaction score (2/10) increased churn risk,Frequent support queries (9) increased churn risk,Few promotional offers used (1) increased churn risk,Low-Satisfaction At-Risk,6,2,1.97,5,1,9,62,5194,1,1,0,0,0,1,0,0,0,1,0,0,0,0,0,0,0,0,1,0,1,1
C00937,0.6632127126967493,Frequent support queries (9) increased churn risk,Many promotional offers used (5) decreased churn risk,Low daily watch time (1.2 hours) increased churn risk,Engaged but Payment-Fragile,12,5,1.21,6,2,9,28,3052,5,1,0,1,0,0,0,0,0,0,1,0,0,0,0,0,0,1,0,1,0,0
C00938,0.9890242670279163,Frequent support queries (10) increased churn risk,Low satisfaction score (2/10) increased churn risk,Low engagement rate (3/10) increased churn risk,Low-Satisfaction At-Risk,1,2,1.22,3,3,10,68,888,2,4,0,0,0,1,0,0,0,0,0,0,0,1,0,0,0,0,1,0,1,1
C00939,0.0228596372136221,High satisfaction score (9/10) decreased churn risk,High engagement rate (10/10) decreased churn risk,Long subscription history (24 months) decreased churn risk,Satisfied Loyal,24,9,1.78,10,2,6,36,3339,2,5,0,0,0,1,0,0,0,0,0,1,0,0,0,0,1,0,0,0,1,0
C00940,0.4059437642065636,Low engagement rate (2/10) increased churn risk,Short subscription history (3 months) increased churn risk,Support queries logged (3) decreased churn risk,Satisfied Loyal,3,6,3.81,2,3,3,35,1740,1,4,0,0,1,0,0,0,0,0,0,0,0,1,1,0,0,0,0,0,1,1
C00941,0.2695967396582608,Frequent support queries (9) increased churn risk,Many promotional offers used (5) decreased churn risk,High engagement rate (7/10) decreased churn risk,Satisfied Loyal,6,6,2.37,7,2,9,43,7748,5,1,0,0,0,1,0,0,1,0,0,0,0,0,0,1,0,0,0,0,1,1
C00942,0.1951889472444884,High engagement rate (9/10) decreased churn risk,Frequent support queries (8) increased churn risk,High daily watch time (4.7 hours) decreased churn risk,Low-Satisfaction At-Risk,3,5,4.71,9,2,8,45,2410,3,2,1,0,0,0,0,1,0,0,0,0,0,0,0,0,0,1,0,0,1,0
C00943,0.3135961181984925,Few support queries (2) decreased churn risk,High engagement rate (8/10) decreased churn risk,Few promotional offers used (1) increased churn risk,Engaged but Payment-Fragile,6,5,3.42,8,2,2,28,6611,1,1,0,0,1,0,0,0,0,0,0,1,0,0,0,0,0,1,0,1,0,0
C00944,0.6742624174515819,High satisfaction score (10/10) decreased churn risk,Frequent support queries (9) increased churn risk,Short subscription history (1 months) increased churn risk,Engaged but Payment-Fragile,1,10,2.0,7,2,9,37,5875,2,2,1,0,0,0,0,0,0,0,0,1,0,0,0,0,0,0,1,1,0,0
C00945,0.9600880083413657,Low satisfaction score (1/10) increased churn risk,Few promotional offers used (0) increased churn risk,Low daily watch time (1.4 hours) increased churn risk,Low-Satisfaction At-Risk,6,1,1.4,4,2,3,52,7519,0,2,0,0,0,0,1,0,0,0,0,0,1,0,0,1,0,0,0,0,1,1
C00946,0.40863247158639,Many promotional offers used (5) decreased churn risk,Short subscription history (3 months) increased churn risk,Delayed payment history increased churn risk,Engaged but Payment-Fragile,3,4,2.34,7,2,6,26,966,5,2,0,0,1,0,0,0,0,0,0,0,0,1,0,0,0,1,0,1,0,0
C00947,0.3603517963607097,Long subscription history (24 months) decreased churn risk,Low engagement rate (3/10) increased churn risk,High daily watch time (4.6 hours) decreased churn risk,High-Risk Disengaged,24,5,4.56,3,2,5,48,9667,2,1,0,1,0,0,0,0,0,0,0,0,1,0,0,1,0,0,0,1,0,0
C00948,0.9324011044622934,Frequent support queries (9) increased churn risk,Short subscription history (1 months) increased churn risk,Low daily watch time (1.3 hours) increased churn risk,High-Risk Disengaged,1,6,1.26,4,2,9,63,3085,4,4,1,0,0,0,0,0,0,0,0,0,1,0,0,0,0,1,0,1,0,0
C00949,0.0197381734982667,High satisfaction score (9/10) decreased churn risk,High engagement rate (10/10) decreased churn risk,Few support queries (1) decreased churn risk,Satisfied Loyal,1,9,4.38,10,1,1,31,5834,0,3,0,0,0,0,1,0,0,0,0,0,1,0,0,0,1,0,0,0,1,0
C00950,0.284534796826826,Few promotional offers used (0) increased churn risk,Support queries logged (3) decreased churn risk,On-Time payment history decreased churn risk,Satisfied Loyal,6,6,3.23,5,3,3,19,7040,0,2,0,0,1,0,0,0,0,0,0,0,1,0,0,0,0,1,0,0,1,0
C00951,0.2722858506415537,High engagement rate (10/10) decreased churn risk,Frequent support queries (10) increased churn risk,High daily watch time (4.3 hours) decreased churn risk,Low-Satisfaction At-Risk,3,4,4.26,10,1,10,22,1461,4,5,0,0,0,0,1,0,0,0,0,0,1,0,0,0,0,0,1,0,1,0
C00952,0.3337178828684071,High satisfaction score (10/10) decreased churn risk,Low daily watch time (0.6 hours) increased churn risk,Short subscription history (3 months) increased churn risk,Satisfied Loyal,3,10,0.57,6,1,7,63,7179,2,3,0,0,1,0,0,0,0,0,0,0,0,1,0,1,0,0,0,0,1,1
C00953,0.1167834490045706,High satisfaction score (8/10) decreased churn risk,Few promotional offers used (0) increased churn risk,High daily watch time (4.9 hours) decreased churn risk,Satisfied Loyal,3,8,4.89,6,3,5,40,9834,0,2,0,0,0,0,1,0,1,0,0,0,0,0,0,0,0,1,0,0,1,0
C00954,0.3921876654558087,High satisfaction score (8/10) decreased churn risk,Few promotional offers used (0) increased churn risk,Short subscription history (3 months) increased churn risk,Satisfied Loyal,3,8,3.43,5,1,4,36,719,0,3,1,0,0,0,0,0,0,0,0,0,0,1,0,0,1,0,0,0,1,0
C00955,0.3898941553042959,Frequent support queries (10) increased churn risk,High satisfaction score (8/10) decreased churn risk,High engagement rate (7/10) decreased churn risk,Satisfied Loyal,12,8,2.67,7,2,10,70,6860,2,1,0,0,0,1,0,0,0,0,0,1,0,0,0,0,0,0,1,0,1,1
C00956,0.4688631157938409,Low satisfaction score (1/10) increased churn risk,Long subscription history (24 months) decreased churn risk,Many promotional offers used (5) decreased churn risk,Engaged but Payment-Fragile,24,1,2.41,8,1,7,32,7936,5,5,0,0,0,0,1,0,0,0,0,0,1,0,0,0,1,0,0,1,0,1
C00957,0.0363687806043541,High engagement rate (9/10) decreased churn risk,Many promotional offers used (5) decreased churn risk,High daily watch time (4.5 hours) decreased churn risk,Low-Satisfaction At-Risk,6,5,4.55,9,1,6,62,3220,5,1,0,0,0,1,0,0,0,0,0,0,0,1,0,0,0,0,1,0,1,0
C00958,0.6148305744322716,Few support queries (0) decreased churn risk,Low satisfaction score (2/10) increased churn risk,Short subscription history (1 months) increased churn risk,Low-Satisfaction At-Risk,1,2,3.99,5,2,0,30,3822,1,2,0,0,0,0,1,0,0,0,1,0,0,0,0,0,1,0,0,0,1,1
C00959,0.0549315480621201,High satisfaction score (10/10) decreased churn risk,Low engagement rate (1/10) increased churn risk,Many promotional offers used (5) decreased churn risk,Satisfied Loyal,1,10,4.83,1,2,3,19,4538,5,2,0,0,1,0,0,0,0,0,0,1,0,0,0,0,0,0,1,0,1,0
C00960,0.97541776880688,Low satisfaction score (1/10) increased churn risk,Few promotional offers used (0) increased churn risk,Frequent support queries (8) increased churn risk,Low-Satisfaction At-Risk,1,1,1.12,8,2,8,28,8147,0,1,0,0,1,0,0,0,0,0,0,0,1,0,0,1,0,0,0,0,1,1
C00961,0.4804823878218096,Low satisfaction score (2/10) increased churn risk,High daily watch time (4.7 hours) decreased churn risk,High engagement rate (8/10) decreased churn risk,Engaged but Payment-Fragile,6,2,4.67,8,3,7,21,8656,3,1,0,0,0,0,1,0,0,0,0,0,0,1,0,0,0,0,1,1,0,0
C00962,0.6621213668023297,Few support queries (0) decreased churn risk,Few promotional offers used (0) increased churn risk,Short subscription history (3 months) increased churn risk,Low-Satisfaction At-Risk,3,4,1.39,6,1,0,70,4419,0,4,0,0,0,1,0,0,1,0,0,0,0,0,0,1,0,0,0,0,1,1
C00963,0.4208525820573806,High engagement rate (10/10) decreased churn risk,Low satisfaction score (3/10) increased churn risk,Low daily watch time (1.0 hours) increased churn risk,Engaged but Payment-Fragile,12,3,1.01,10,3,4,47,6672,2,4,0,0,0,0,1,0,1,0,0,0,0,0,1,0,0,0,0,1,0,0
C00964,0.1160672699631286,Long subscription history (24 months) decreased churn risk,On-Time payment history decreased churn risk,Satisfaction score (6/10) decreased churn risk,Satisfied Loyal,24,6,3.45,5,2,6,51,9948,2,3,0,0,0,1,0,0,1,0,0,0,0,0,0,1,0,0,0,0,1,0
C00965,0.8453852341592469,Frequent support queries (10) increased churn risk,Low satisfaction score (2/10) increased churn risk,High engagement rate (8/10) decreased churn risk,Engaged but Payment-Fragile,6,2,3.17,8,3,10,60,5559,4,5,0,0,0,0,1,0,0,0,0,0,1,0,0,0,0,0,1,1,0,1
C00966,0.9544809878736422,Low satisfaction score (1/10) increased churn risk,Low engagement rate (1/10) increased churn risk,Frequent support queries (10) increased churn risk,Low-Satisfaction At-Risk,12,1,4.44,1,3,10,24,4275,3,4,0,0,0,0,1,0,1,0,0,0,0,0,0,0,1,0,0,0,1,1
C00967,0.6085008628179577,Low engagement rate (4/10) increased churn risk,On-Time payment history decreased churn risk,Short subscription history (6 months) increased churn risk,Low-Satisfaction At-Risk,6,5,2.76,4,3,6,36,2426,3,1,1,0,0,0,0,1,0,0,0,0,0,0,0,0,0,0,1,0,1,0
C00968,0.2440842067073008,High satisfaction score (8/10) decreased churn risk,Long subscription history (24 months) decreased churn risk,Few promotional offers used (0) increased churn risk,Satisfied Loyal,24,8,0.59,7,3,8,39,3205,0,1,0,0,0,0,1,1,0,0,0,0,0,0,1,0,0,0,0,0,1,0
C00969,0.7348165240545461,Low engagement rate (1/10) increased churn risk,Frequent support queries (9) increased churn risk,Many promotional offers used (5) decreased churn risk,Satisfied Loyal,6,6,3.54,1,1,9,45,4216,5,5,0,1,0,0,0,0,0,1,0,0,0,0,0,0,1,0,0,0,1,1
C00970,0.5003621277436922,Low engagement rate (1/10) increased churn risk,Long subscription history (24 months) decreased churn risk,High daily watch time (4.8 hours) decreased churn risk,Low-Satisfaction At-Risk,24,4,4.8,1,3,4,32,5261,1,1,0,0,0,0,1,0,0,0,0,1,0,0,0,0,1,0,0,0,1,1
C00971,0.1648398463586362,High satisfaction score (9/10) decreased churn risk,Low engagement rate (2/10) increased churn risk,Short subscription history (3 months) increased churn risk,Satisfied Loyal,3,9,3.71,2,3,3,18,8288,1,2,0,0,1,0,0,0,0,1,0,0,0,0,1,0,0,0,0,0,1,0
C00972,0.4584412759692689,High satisfaction score (8/10) decreased churn risk,Few promotional offers used (1) increased churn risk,Frequent support queries (7) increased churn risk,Satisfied Loyal,6,8,2.49,5,1,7,22,3953,1,4,0,0,0,0,1,0,0,0,1,0,0,0,1,0,0,0,0,0,1,0
C00973,0.8380329406389445,Frequent support queries (10) increased churn risk,Low daily watch time (0.8 hours) increased churn risk,Many promotional offers used (4) decreased churn risk,Low-Satisfaction At-Risk,3,4,0.76,7,2,10,29,8744,4,1,1,0,0,0,0,0,0,0,1,0,0,0,0,0,0,1,0,0,1,1
C00974,0.9224392689452322,Low engagement rate (1/10) increased churn risk,Frequent support queries (8) increased churn risk,Many promotional offers used (4) decreased churn risk,High-Risk Disengaged,6,5,2.24,1,3,8,59,3401,4,3,0,0,0,0,1,0,1,0,0,0,0,0,0,0,0,1,0,1,0,1
C00975,0.1930932443716774,High engagement rate (10/10) decreased churn risk,Low satisfaction score (2/10) increased churn risk,High daily watch time (4.9 hours) decreased churn risk,Low-Satisfaction At-Risk,6,2,4.93,10,1,3,58,8545,2,5,1,0,0,0,0,0,1,0,0,0,0,0,0,0,1,0,0,0,1,0
C00976,0.652291548841097,Low engagement rate (2/10) increased churn risk,Long subscription history (24 months) decreased churn risk,Delayed payment history increased churn risk,High-Risk Disengaged,24,4,2.25,2,1,4,26,9952,2,1,0,0,0,0,1,1,0,0,0,0,0,0,0,0,0,1,0,1,0,1
C00977,0.952178254636708,Low satisfaction score (2/10) increased churn risk,Low daily watch time (1.4 hours) increased churn risk,Short subscription history (3 months) increased churn risk,High-Risk Disengaged,3,2,1.35,4,1,4,38,4086,3,5,0,0,0,1,0,0,0,0,0,0,1,0,0,0,0,0,1,1,0,1
C00978,0.3471526972367709,Low engagement rate (2/10) increased churn risk,High satisfaction score (8/10) decreased churn risk,On-Time payment history decreased churn risk,Satisfied Loyal,6,8,3.23,2,2,4,59,6250,2,4,0,0,0,1,0,0,1,0,0,0,0,0,0,1,0,0,0,0,1,1
C00979,0.8081554978699496,Few promotional offers used (0) increased churn risk,Frequent support queries (8) increased churn risk,High engagement rate (8/10) decreased churn risk,Low-Satisfaction At-Risk,3,5,2.47,8,1,8,57,2270,0,2,1,0,0,0,0,0,0,0,0,0,1,0,0,0,0,1,0,0,1,1
C00980,0.9903639142234516,Low satisfaction score (1/10) increased churn risk,Frequent support queries (9) increased churn risk,Low daily watch time (0.5 hours) increased churn risk,High-Risk Disengaged,12,1,0.53,3,2,9,42,3548,4,5,0,0,0,1,0,0,0,0,0,1,0,0,1,0,0,0,0,1,0,1
C00981,0.0155212065021939,High engagement rate (10/10) decreased churn risk,Few support queries (0) decreased churn risk,On-Time payment history decreased churn risk,Low-Satisfaction At-Risk,6,6,3.47,10,1,0,47,4824,3,5,0,0,1,0,0,0,0,0,1,0,0,0,0,1,0,0,0,0,1,0
C00982,0.0554315611740814,Few support queries (0) decreased churn risk,High satisfaction score (8/10) decreased churn risk,High daily watch time (4.9 hours) decreased churn risk,Engaged but Payment-Fragile,6,8,4.86,6,3,0,42,7654,1,1,1,0,0,0,0,1,0,0,0,0,0,0,1,0,0,0,0,1,0,0
C00983,0.1423713367664887,High engagement rate (10/10) decreased churn risk,Low satisfaction score (2/10) increased churn risk,On-Time payment history decreased churn risk,Low-Satisfaction At-Risk,12,2,3.46,10,3,4,46,1777,3,2,1,0,0,0,0,0,0,1,0,0,0,0,0,1,0,0,0,0,1,1
C00984,0.6123300466399622,Short subscription history (1 months) increased churn risk,High daily watch time (4.5 hours) decreased churn risk,Delayed payment history increased churn risk,Engaged but Payment-Fragile,1,4,4.53,6,1,5,22,8637,2,4,0,0,0,0,1,0,1,0,0,0,0,0,1,0,0,0,0,1,0,1
C00985,0.4083033736060688,Frequent support queries (10) increased churn risk,Long subscription history (24 months) decreased churn risk,High engagement rate (8/10) decreased churn risk,Low-Satisfaction At-Risk,24,4,1.19,8,1,10,39,1547,4,4,0,1,0,0,0,0,1,0,0,0,0,0,0,0,1,0,0,0,1,0
C00986,0.3868101470785169,High satisfaction score (9/10) decreased churn risk,Frequent support queries (9) increased churn risk,Few promotional offers used (0) increased churn risk,Satisfied Loyal,12,9,4.84,3,1,9,68,7245,0,4,0,0,0,0,1,0,0,1,0,0,0,0,1,0,0,0,0,0,1,0
C00987,0.0098185843669389,High engagement rate (10/10) decreased churn risk,High satisfaction score (8/10) decreased churn risk,Long subscription history (24 months) decreased churn risk,Engaged but Payment-Fragile,24,8,4.08,10,3,5,41,1067,3,1,0,0,1,0,0,0,0,0,0,1,0,0,1,0,0,0,0,1,0,0
C00988,0.3690945517799839,Many promotional offers used (4) decreased churn risk,Low engagement rate (4/10) increased churn risk,On-Time payment history decreased churn risk,Low-Satisfaction At-Risk,12,5,3.55,4,1,4,64,9343,4,5,1,0,0,0,0,0,0,0,0,1,0,0,0,0,1,0,0,0,1,1
C00989,0.1585661165191406,Few support queries (1) decreased churn risk,Few promotional offers used (0) increased churn risk,Short subscription history (1 months) increased churn risk,Satisfied Loyal,1,6,4.13,7,2,1,23,1406,0,2,1,0,0,0,0,1,0,0,0,0,0,0,0,0,0,1,0,0,1,0
C00990,0.1122200326201177,Few support queries (1) decreased churn risk,Low daily watch time (1.4 hours) increased churn risk,High engagement rate (7/10) decreased churn risk,Satisfied Loyal,12,6,1.42,7,1,1,46,6616,2,2,0,0,1,0,0,0,0,0,1,0,0,0,0,0,0,0,1,0,1,0
C00991,0.728182873328057,Frequent support queries (10) increased churn risk,Many promotional offers used (5) decreased churn risk,High daily watch time (4.7 hours) decreased churn risk,High-Risk Disengaged,3,4,4.67,5,2,10,53,5459,5,2,0,0,1,0,0,1,0,0,0,0,0,0,1,0,0,0,0,1,0,1
C00992,0.5298519746963477,High daily watch time (4.8 hours) decreased churn risk,Short subscription history (1 months) increased churn risk,Few promotional offers used (1) increased churn risk,Low-Satisfaction At-Risk,1,5,4.76,7,1,7,39,7811,1,4,0,0,0,0,1,0,0,1,0,0,0,0,0,0,1,0,0,0,1,0
C00993,0.8111315647989624,Low satisfaction score (3/10) increased churn risk,Many promotional offers used (4) decreased churn risk,Low engagement rate (4/10) increased churn risk,Low-Satisfaction At-Risk,12,3,1.48,4,1,6,42,4500,4,4,1,0,0,0,0,0,0,0,0,1,0,0,1,0,0,0,0,0,1,1
C00994,0.0266597914183792,High satisfaction score (10/10) decreased churn risk,Long subscription history (24 months) decreased churn risk,Frequent support queries (9) increased churn risk,Satisfied Loyal,24,10,0.89,9,2,9,52,7379,4,4,0,0,1,0,0,0,0,0,0,1,0,0,0,0,0,0,1,0,1,0
C00995,0.0202053676941727,Few support queries (0) decreased churn risk,Many promotional offers used (5) decreased churn risk,High engagement rate (8/10) decreased churn risk,Low-Satisfaction At-Risk,6,5,3.64,8,2,0,50,3456,5,5,0,1,0,0,0,0,0,0,0,0,1,0,0,0,1,0,0,0,1,0
C00996,0.7588938328381848,High engagement rate (10/10) decreased churn risk,Low daily watch time (0.8 hours) increased churn risk,Short subscription history (1 months) increased churn risk,Low-Satisfaction At-Risk,1,4,0.77,10,2,5,28,772,1,4,0,0,0,0,1,0,0,0,0,1,0,0,0,0,1,0,0,0,1,1
C00997,0.9534405632028702,Low satisfaction score (2/10) increased churn risk,Low engagement rate (2/10) increased churn risk,Short subscription history (1 months) increased churn risk,High-Risk Disengaged,1,2,2.66,2,2,3,54,588,4,1,0,0,1,0,0,0,0,0,0,1,0,0,0,0,0,0,1,1,0,1
C00998,0.4050420921719191,High engagement rate (10/10) decreased churn risk,Low satisfaction score (2/10) increased churn risk,Many promotional offers used (4) decreased churn risk,Low-Satisfaction At-Risk,6,2,2.36,10,2,7,62,577,4,1,0,0,1,0,0,0,0,0,1,0,0,0,1,0,0,0,0,0,1,0
C00999,0.7330951897596902,Few support queries (1) decreased churn risk,Few promotional offers used (0) increased churn risk,Low engagement rate (3/10) increased churn risk,Satisfied Loyal,3,6,1.73,3,1,1,38,3684,0,4,0,1,0,0,0,1,0,0,0,0,0,0,0,1,0,0,0,0,1,1
C01000,0.8033632355234029,Frequent support queries (8) increased churn risk,Short subscription history (1 months) increased churn risk,Low engagement rate (4/10) increased churn risk,Satisfied Loyal,1,6,1.94,4,3,8,23,3023,2,4,0,0,1,0,0,0,1,0,0,0,0,0,0,0,0,0,1,0,1,1
